,RunId,iteration,Step,height,width,density,minority_pc,homophily,happy
0,0,0,0,20,20,0.8,0.4,0,0
1,1,0,0,20,20,0.8,0.4,1,0
2,1,0,1,20,20,0.8,0.4,1,312
3,2,0,0,20,20,0.8,0.4,2,0
4,2,0,1,20,20,0.8,0.4,2,278
5,2,0,2,20,20,0.8,0.4,2,299
6,2,0,3,20,20,0.8,0.4,2,303
7,2,0,4,20,20,0.8,0.4,2,310
8,2,0,5,20,20,0.8,0.4,2,311
9,2,0,6,20,20,0.8,0.4,2,311
10,2,0,7,20,20,0.8,0.4,2,311
11,2,0,8,20,20,0.8,0.4,2,311
12,2,0,9,20,20,0.8,0.4,2,311
13,3,0,0,20,20,0.8,0.4,3,0
14,3,0,1,20,20,0.8,0.4,3,241
15,3,0,2,20,20,0.8,0.4,3,288
16,3,0,3,20,20,0.8,0.4,3,307
17,3,0,4,20,20,0.8,0.4,3,311
18,3,0,5,20,20,0.8,0.4,3,314
19,3,0,6,20,20,0.8,0.4,3,321
20,3,0,7,20,20,0.8,0.4,3,325
21,3,0,8,20,20,0.8,0.4,3,327
22,3,0,9,20,20,0.8,0.4,3,328
23,4,0,0,20,20,0.8,0.4,4,0
24,4,0,1,20,20,0.8,0.4,4,136
25,4,0,2,20,20,0.8,0.4,4,196
26,4,0,3,20,20,0.8,0.4,4,235
27,4,0,4,20,20,0.8,0.4,4,248
28,4,0,5,20,20,0.8,0.4,4,268
29,4,0,6,20,20,0.8,0.4,4,273
30,4,0,7,20,20,0.8,0.4,4,285
31,4,0,8,20,20,0.8,0.4,4,290
32,4,0,9,20,20,0.8,0.4,4,286
33,4,0,10,20,20,0.8,0.4,4,284
34,4,0,11,20,20,0.8,0.4,4,287
35,4,0,12,20,20,0.8,0.4,4,289
36,4,0,13,20,20,0.8,0.4,4,287
37,4,0,14,20,20,0.8,0.4,4,292
38,4,0,15,20,20,0.8,0.4,4,296
39,4,0,16,20,20,0.8,0.4,4,297
40,4,0,17,20,20,0.8,0.4,4,299
41,4,0,18,20,20,0.8,0.4,4,300
42,4,0,19,20,20,0.8,0.4,4,298
43,4,0,20,20,20,0.8,0.4,4,300
44,4,0,21,20,20,0.8,0.4,4,303
45,4,0,22,20,20,0.8,0.4,4,300
46,4,0,23,20,20,0.8,0.4,4,300
47,4,0,24,20,20,0.8,0.4,4,303
48,4,0,25,20,20,0.8,0.4,4,304
49,4,0,26,20,20,0.8,0.4,4,304
50,4,0,27,20,20,0.8,0.4,4,305
51,4,0,28,20,20,0.8,0.4,4,305
52,4,0,29,20,20,0.8,0.4,4,306
53,4,0,30,20,20,0.8,0.4,4,307
54,4,0,31,20,20,0.8,0.4,4,308
55,4,0,32,20,20,0.8,0.4,4,309
56,4,0,33,20,20,0.8,0.4,4,310
57,4,0,34,20,20,0.8,0.4,4,310
58,4,0,35,20,20,0.8,0.4,4,310
59,4,0,36,20,20,0.8,0.4,4,312
60,4,0,37,20,20,0.8,0.4,4,312
61,4,0,38,20,20,0.8,0.4,4,312
62,4,0,39,20,20,0.8,0.4,4,312
63,4,0,40,20,20,0.8,0.4,4,312
64,4,0,41,20,20,0.8,0.4,4,312
65,4,0,42,20,20,0.8,0.4,4,312
66,4,0,43,20,20,0.8,0.4,4,312
67,5,0,0,20,20,0.8,0.4,5,0
68,5,0,1,20,20,0.8,0.4,5,89
69,5,0,2,20,20,0.8,0.4,5,121
70,5,0,3,20,20,0.8,0.4,5,146
71,5,0,4,20,20,0.8,0.4,5,182
72,5,0,5,20,20,0.8,0.4,5,190
73,5,0,6,20,20,0.8,0.4,5,208
74,5,0,7,20,20,0.8,0.4,5,214
75,5,0,8,20,20,0.8,0.4,5,214
76,5,0,9,20,20,0.8,0.4,5,197
77,5,0,10,20,20,0.8,0.4,5,203
78,5,0,11,20,20,0.8,0.4,5,211
79,5,0,12,20,20,0.8,0.4,5,209
80,5,0,13,20,20,0.8,0.4,5,211
81,5,0,14,20,20,0.8,0.4,5,218
82,5,0,15,20,20,0.8,0.4,5,227
83,5,0,16,20,20,0.8,0.4,5,219
84,5,0,17,20,20,0.8,0.4,5,231
85,5,0,18,20,20,0.8,0.4,5,225
86,5,0,19,20,20,0.8,0.4,5,223
87,5,0,20,20,20,0.8,0.4,5,225
88,5,0,21,20,20,0.8,0.4,5,229
89,5,0,22,20,20,0.8,0.4,5,236
90,5,0,23,20,20,0.8,0.4,5,236
91,5,0,24,20,20,0.8,0.4,5,230
92,5,0,25,20,20,0.8,0.4,5,229
93,5,0,26,20,20,0.8,0.4,5,231
94,5,0,27,20,20,0.8,0.4,5,232
95,5,0,28,20,20,0.8,0.4,5,227
96,5,0,29,20,20,0.8,0.4,5,238
97,5,0,30,20,20,0.8,0.4,5,240
98,5,0,31,20,20,0.8,0.4,5,236
99,5,0,32,20,20,0.8,0.4,5,236
100,5,0,33,20,20,0.8,0.4,5,243
101,5,0,34,20,20,0.8,0.4,5,247
102,5,0,35,20,20,0.8,0.4,5,249
103,5,0,36,20,20,0.8,0.4,5,252
104,5,0,37,20,20,0.8,0.4,5,261
105,5,0,38,20,20,0.8,0.4,5,250
106,5,0,39,20,20,0.8,0.4,5,244
107,5,0,40,20,20,0.8,0.4,5,245
108,5,0,41,20,20,0.8,0.4,5,256
109,5,0,42,20,20,0.8,0.4,5,255
110,5,0,43,20,20,0.8,0.4,5,248
111,5,0,44,20,20,0.8,0.4,5,250
112,5,0,45,20,20,0.8,0.4,5,250
113,5,0,46,20,20,0.8,0.4,5,247
114,5,0,47,20,20,0.8,0.4,5,252
115,5,0,48,20,20,0.8,0.4,5,255
116,5,0,49,20,20,0.8,0.4,5,260
117,5,0,50,20,20,0.8,0.4,5,259
118,5,0,51,20,20,0.8,0.4,5,247
119,5,0,52,20,20,0.8,0.4,5,244
120,5,0,53,20,20,0.8,0.4,5,242
121,5,0,54,20,20,0.8,0.4,5,248
122,5,0,55,20,20,0.8,0.4,5,255
123,5,0,56,20,20,0.8,0.4,5,250
124,5,0,57,20,20,0.8,0.4,5,254
125,5,0,58,20,20,0.8,0.4,5,246
126,5,0,59,20,20,0.8,0.4,5,236
127,5,0,60,20,20,0.8,0.4,5,239
128,5,0,61,20,20,0.8,0.4,5,239
129,5,0,62,20,20,0.8,0.4,5,242
130,5,0,63,20,20,0.8,0.4,5,240
131,5,0,64,20,20,0.8,0.4,5,240
132,5,0,65,20,20,0.8,0.4,5,243
133,5,0,66,20,20,0.8,0.4,5,241
134,5,0,67,20,20,0.8,0.4,5,241
135,5,0,68,20,20,0.8,0.4,5,251
136,5,0,69,20,20,0.8,0.4,5,256
137,5,0,70,20,20,0.8,0.4,5,256
138,5,0,71,20,20,0.8,0.4,5,253
139,5,0,72,20,20,0.8,0.4,5,255
140,5,0,73,20,20,0.8,0.4,5,254
141,5,0,74,20,20,0.8,0.4,5,255
142,5,0,75,20,20,0.8,0.4,5,248
143,5,0,76,20,20,0.8,0.4,5,241
144,5,0,77,20,20,0.8,0.4,5,253
145,5,0,78,20,20,0.8,0.4,5,254
146,5,0,79,20,20,0.8,0.4,5,251
147,5,0,80,20,20,0.8,0.4,5,256
148,5,0,81,20,20,0.8,0.4,5,251
149,5,0,82,20,20,0.8,0.4,5,254
150,5,0,83,20,20,0.8,0.4,5,264
151,5,0,84,20,20,0.8,0.4,5,258
152,5,0,85,20,20,0.8,0.4,5,255
153,5,0,86,20,20,0.8,0.4,5,251
154,5,0,87,20,20,0.8,0.4,5,254
155,5,0,88,20,20,0.8,0.4,5,253
156,5,0,89,20,20,0.8,0.4,5,247
157,5,0,90,20,20,0.8,0.4,5,243
158,5,0,91,20,20,0.8,0.4,5,246
159,5,0,92,20,20,0.8,0.4,5,250
160,5,0,93,20,20,0.8,0.4,5,247
161,5,0,94,20,20,0.8,0.4,5,252
162,5,0,95,20,20,0.8,0.4,5,247
163,5,0,96,20,20,0.8,0.4,5,247
164,5,0,97,20,20,0.8,0.4,5,249
165,5,0,98,20,20,0.8,0.4,5,247
166,5,0,99,20,20,0.8,0.4,5,243
167,5,0,100,20,20,0.8,0.4,5,252
168,6,1,0,20,20,0.8,0.4,0,0
169,7,1,0,20,20,0.8,0.4,1,0
170,7,1,1,20,20,0.8,0.4,1,302
171,7,1,2,20,20,0.8,0.4,1,307
172,7,1,3,20,20,0.8,0.4,1,307
173,8,1,0,20,20,0.8,0.4,2,0
174,8,1,1,20,20,0.8,0.4,2,296
175,8,1,2,20,20,0.8,0.4,2,317
176,8,1,3,20,20,0.8,0.4,2,320
177,8,1,4,20,20,0.8,0.4,2,320
178,9,1,0,20,20,0.8,0.4,3,0
179,9,1,1,20,20,0.8,0.4,3,235
180,9,1,2,20,20,0.8,0.4,3,262
181,9,1,3,20,20,0.8,0.4,3,277
182,9,1,4,20,20,0.8,0.4,3,289
183,9,1,5,20,20,0.8,0.4,3,292
184,9,1,6,20,20,0.8,0.4,3,299
185,9,1,7,20,20,0.8,0.4,3,305
186,9,1,8,20,20,0.8,0.4,3,308
187,9,1,9,20,20,0.8,0.4,3,314
188,9,1,10,20,20,0.8,0.4,3,315
189,9,1,11,20,20,0.8,0.4,3,316
190,9,1,12,20,20,0.8,0.4,3,317
191,9,1,13,20,20,0.8,0.4,3,317
192,9,1,14,20,20,0.8,0.4,3,317
193,9,1,15,20,20,0.8,0.4,3,317
194,9,1,16,20,20,0.8,0.4,3,317
195,9,1,17,20,20,0.8,0.4,3,317
196,9,1,18,20,20,0.8,0.4,3,317
197,9,1,19,20,20,0.8,0.4,3,317
198,9,1,20,20,20,0.8,0.4,3,317
199,9,1,21,20,20,0.8,0.4,3,317
200,10,1,0,20,20,0.8,0.4,4,0
201,10,1,1,20,20,0.8,0.4,4,161
202,10,1,2,20,20,0.8,0.4,4,214
203,10,1,3,20,20,0.8,0.4,4,251
204,10,1,4,20,20,0.8,0.4,4,269
205,10,1,5,20,20,0.8,0.4,4,288
206,10,1,6,20,20,0.8,0.4,4,292
207,10,1,7,20,20,0.8,0.4,4,287
208,10,1,8,20,20,0.8,0.4,4,300
209,10,1,9,20,20,0.8,0.4,4,306
210,10,1,10,20,20,0.8,0.4,4,308
211,10,1,11,20,20,0.8,0.4,4,311
212,10,1,12,20,20,0.8,0.4,4,314
213,10,1,13,20,20,0.8,0.4,4,314
214,10,1,14,20,20,0.8,0.4,4,316
215,10,1,15,20,20,0.8,0.4,4,318
216,10,1,16,20,20,0.8,0.4,4,319
217,10,1,17,20,20,0.8,0.4,4,319
218,10,1,18,20,20,0.8,0.4,4,319
219,10,1,19,20,20,0.8,0.4,4,319
220,10,1,20,20,20,0.8,0.4,4,319
221,10,1,21,20,20,0.8,0.4,4,319
222,10,1,22,20,20,0.8,0.4,4,320
223,10,1,23,20,20,0.8,0.4,4,320
224,10,1,24,20,20,0.8,0.4,4,319
225,10,1,25,20,20,0.8,0.4,4,319
226,10,1,26,20,20,0.8,0.4,4,319
227,10,1,27,20,20,0.8,0.4,4,319
228,10,1,28,20,20,0.8,0.4,4,319
229,10,1,29,20,20,0.8,0.4,4,319
230,10,1,30,20,20,0.8,0.4,4,319
231,10,1,31,20,20,0.8,0.4,4,319
232,10,1,32,20,20,0.8,0.4,4,319
233,10,1,33,20,20,0.8,0.4,4,319
234,10,1,34,20,20,0.8,0.4,4,319
235,10,1,35,20,20,0.8,0.4,4,320
236,10,1,36,20,20,0.8,0.4,4,321
237,10,1,37,20,20,0.8,0.4,4,321
238,10,1,38,20,20,0.8,0.4,4,321
239,10,1,39,20,20,0.8,0.4,4,321
240,10,1,40,20,20,0.8,0.4,4,322
241,10,1,41,20,20,0.8,0.4,4,322
242,10,1,42,20,20,0.8,0.4,4,322
243,10,1,43,20,20,0.8,0.4,4,322
244,10,1,44,20,20,0.8,0.4,4,323
245,10,1,45,20,20,0.8,0.4,4,323
246,10,1,46,20,20,0.8,0.4,4,323
247,10,1,47,20,20,0.8,0.4,4,323
248,10,1,48,20,20,0.8,0.4,4,323
249,11,1,0,20,20,0.8,0.4,5,0
250,11,1,1,20,20,0.8,0.4,5,105
251,11,1,2,20,20,0.8,0.4,5,157
252,11,1,3,20,20,0.8,0.4,5,187
253,11,1,4,20,20,0.8,0.4,5,202
254,11,1,5,20,20,0.8,0.4,5,210
255,11,1,6,20,20,0.8,0.4,5,217
256,11,1,7,20,20,0.8,0.4,5,210
257,11,1,8,20,20,0.8,0.4,5,223
258,11,1,9,20,20,0.8,0.4,5,235
259,11,1,10,20,20,0.8,0.4,5,239
260,11,1,11,20,20,0.8,0.4,5,252
261,11,1,12,20,20,0.8,0.4,5,265
262,11,1,13,20,20,0.8,0.4,5,262
263,11,1,14,20,20,0.8,0.4,5,264
264,11,1,15,20,20,0.8,0.4,5,261
265,11,1,16,20,20,0.8,0.4,5,263
266,11,1,17,20,20,0.8,0.4,5,268
267,11,1,18,20,20,0.8,0.4,5,262
268,11,1,19,20,20,0.8,0.4,5,265
269,11,1,20,20,20,0.8,0.4,5,276
270,11,1,21,20,20,0.8,0.4,5,274
271,11,1,22,20,20,0.8,0.4,5,266
272,11,1,23,20,20,0.8,0.4,5,271
273,11,1,24,20,20,0.8,0.4,5,275
274,11,1,25,20,20,0.8,0.4,5,269
275,11,1,26,20,20,0.8,0.4,5,268
276,11,1,27,20,20,0.8,0.4,5,261
277,11,1,28,20,20,0.8,0.4,5,266
278,11,1,29,20,20,0.8,0.4,5,262
279,11,1,30,20,20,0.8,0.4,5,268
280,11,1,31,20,20,0.8,0.4,5,265
281,11,1,32,20,20,0.8,0.4,5,262
282,11,1,33,20,20,0.8,0.4,5,265
283,11,1,34,20,20,0.8,0.4,5,271
284,11,1,35,20,20,0.8,0.4,5,276
285,11,1,36,20,20,0.8,0.4,5,275
286,11,1,37,20,20,0.8,0.4,5,269
287,11,1,38,20,20,0.8,0.4,5,270
288,11,1,39,20,20,0.8,0.4,5,269
289,11,1,40,20,20,0.8,0.4,5,273
290,11,1,41,20,20,0.8,0.4,5,267
291,11,1,42,20,20,0.8,0.4,5,260
292,11,1,43,20,20,0.8,0.4,5,254
293,11,1,44,20,20,0.8,0.4,5,270
294,11,1,45,20,20,0.8,0.4,5,270
295,11,1,46,20,20,0.8,0.4,5,259
296,11,1,47,20,20,0.8,0.4,5,263
297,11,1,48,20,20,0.8,0.4,5,266
298,11,1,49,20,20,0.8,0.4,5,263
299,11,1,50,20,20,0.8,0.4,5,266
300,11,1,51,20,20,0.8,0.4,5,265
301,11,1,52,20,20,0.8,0.4,5,260
302,11,1,53,20,20,0.8,0.4,5,267
303,11,1,54,20,20,0.8,0.4,5,276
304,11,1,55,20,20,0.8,0.4,5,275
305,11,1,56,20,20,0.8,0.4,5,264
306,11,1,57,20,20,0.8,0.4,5,254
307,11,1,58,20,20,0.8,0.4,5,254
308,11,1,59,20,20,0.8,0.4,5,252
309,11,1,60,20,20,0.8,0.4,5,256
310,11,1,61,20,20,0.8,0.4,5,258
311,11,1,62,20,20,0.8,0.4,5,256
312,11,1,63,20,20,0.8,0.4,5,264
313,11,1,64,20,20,0.8,0.4,5,272
314,11,1,65,20,20,0.8,0.4,5,282
315,11,1,66,20,20,0.8,0.4,5,275
316,11,1,67,20,20,0.8,0.4,5,273
317,11,1,68,20,20,0.8,0.4,5,267
318,11,1,69,20,20,0.8,0.4,5,269
319,11,1,70,20,20,0.8,0.4,5,274
320,11,1,71,20,20,0.8,0.4,5,272
321,11,1,72,20,20,0.8,0.4,5,272
322,11,1,73,20,20,0.8,0.4,5,277
323,11,1,74,20,20,0.8,0.4,5,285
324,11,1,75,20,20,0.8,0.4,5,274
325,11,1,76,20,20,0.8,0.4,5,272
326,11,1,77,20,20,0.8,0.4,5,266
327,11,1,78,20,20,0.8,0.4,5,270
328,11,1,79,20,20,0.8,0.4,5,274
329,11,1,80,20,20,0.8,0.4,5,268
330,11,1,81,20,20,0.8,0.4,5,267
331,11,1,82,20,20,0.8,0.4,5,273
332,11,1,83,20,20,0.8,0.4,5,278
333,11,1,84,20,20,0.8,0.4,5,269
334,11,1,85,20,20,0.8,0.4,5,269
335,11,1,86,20,20,0.8,0.4,5,269
336,11,1,87,20,20,0.8,0.4,5,267
337,11,1,88,20,20,0.8,0.4,5,264
338,11,1,89,20,20,0.8,0.4,5,271
339,11,1,90,20,20,0.8,0.4,5,274
340,11,1,91,20,20,0.8,0.4,5,277
341,11,1,92,20,20,0.8,0.4,5,272
342,11,1,93,20,20,0.8,0.4,5,270
343,11,1,94,20,20,0.8,0.4,5,268
344,11,1,95,20,20,0.8,0.4,5,272
345,11,1,96,20,20,0.8,0.4,5,277
346,11,1,97,20,20,0.8,0.4,5,274
347,11,1,98,20,20,0.8,0.4,5,279
348,11,1,99,20,20,0.8,0.4,5,278
349,11,1,100,20,20,0.8,0.4,5,280
350,12,2,0,20,20,0.8,0.4,0,0
351,13,2,0,20,20,0.8,0.4,1,0
352,13,2,1,20,20,0.8,0.4,1,320
353,14,2,0,20,20,0.8,0.4,2,0
354,14,2,1,20,20,0.8,0.4,2,302
355,14,2,2,20,20,0.8,0.4,2,327
356,14,2,3,20,20,0.8,0.4,2,330
357,14,2,4,20,20,0.8,0.4,2,331
358,14,2,5,20,20,0.8,0.4,2,331
359,14,2,6,20,20,0.8,0.4,2,331
360,15,2,0,20,20,0.8,0.4,3,0
361,15,2,1,20,20,0.8,0.4,3,222
362,15,2,2,20,20,0.8,0.4,3,270
363,15,2,3,20,20,0.8,0.4,3,296
364,15,2,4,20,20,0.8,0.4,3,308
365,15,2,5,20,20,0.8,0.4,3,316
366,15,2,6,20,20,0.8,0.4,3,317
367,15,2,7,20,20,0.8,0.4,3,321
368,15,2,8,20,20,0.8,0.4,3,322
369,15,2,9,20,20,0.8,0.4,3,324
370,15,2,10,20,20,0.8,0.4,3,324
371,15,2,11,20,20,0.8,0.4,3,324
372,15,2,12,20,20,0.8,0.4,3,324
373,16,2,0,20,20,0.8,0.4,4,0
374,16,2,1,20,20,0.8,0.4,4,166
375,16,2,2,20,20,0.8,0.4,4,230
376,16,2,3,20,20,0.8,0.4,4,248
377,16,2,4,20,20,0.8,0.4,4,260
378,16,2,5,20,20,0.8,0.4,4,269
379,16,2,6,20,20,0.8,0.4,4,282
380,16,2,7,20,20,0.8,0.4,4,294
381,16,2,8,20,20,0.8,0.4,4,299
382,16,2,9,20,20,0.8,0.4,4,301
383,16,2,10,20,20,0.8,0.4,4,312
384,16,2,11,20,20,0.8,0.4,4,312
385,16,2,12,20,20,0.8,0.4,4,313
386,16,2,13,20,20,0.8,0.4,4,316
387,16,2,14,20,20,0.8,0.4,4,315
388,16,2,15,20,20,0.8,0.4,4,316
389,16,2,16,20,20,0.8,0.4,4,318
390,16,2,17,20,20,0.8,0.4,4,320
391,16,2,18,20,20,0.8,0.4,4,319
392,16,2,19,20,20,0.8,0.4,4,318
393,16,2,20,20,20,0.8,0.4,4,319
394,16,2,21,20,20,0.8,0.4,4,318
395,16,2,22,20,20,0.8,0.4,4,318
396,16,2,23,20,20,0.8,0.4,4,319
397,16,2,24,20,20,0.8,0.4,4,320
398,16,2,25,20,20,0.8,0.4,4,319
399,16,2,26,20,20,0.8,0.4,4,320
400,16,2,27,20,20,0.8,0.4,4,320
401,16,2,28,20,20,0.8,0.4,4,322
402,16,2,29,20,20,0.8,0.4,4,322
403,16,2,30,20,20,0.8,0.4,4,323
404,16,2,31,20,20,0.8,0.4,4,324
405,16,2,32,20,20,0.8,0.4,4,324
406,16,2,33,20,20,0.8,0.4,4,324
407,16,2,34,20,20,0.8,0.4,4,324
408,16,2,35,20,20,0.8,0.4,4,325
409,16,2,36,20,20,0.8,0.4,4,326
410,16,2,37,20,20,0.8,0.4,4,326
411,16,2,38,20,20,0.8,0.4,4,326
412,16,2,39,20,20,0.8,0.4,4,326
413,16,2,40,20,20,0.8,0.4,4,326
414,16,2,41,20,20,0.8,0.4,4,327
415,16,2,42,20,20,0.8,0.4,4,327
416,16,2,43,20,20,0.8,0.4,4,327
417,16,2,44,20,20,0.8,0.4,4,327
418,16,2,45,20,20,0.8,0.4,4,327
419,16,2,46,20,20,0.8,0.4,4,327
420,16,2,47,20,20,0.8,0.4,4,327
421,16,2,48,20,20,0.8,0.4,4,327
422,16,2,49,20,20,0.8,0.4,4,327
423,16,2,50,20,20,0.8,0.4,4,327
424,16,2,51,20,20,0.8,0.4,4,327
425,16,2,52,20,20,0.8,0.4,4,327
426,16,2,53,20,20,0.8,0.4,4,327
427,16,2,54,20,20,0.8,0.4,4,327
428,16,2,55,20,20,0.8,0.4,4,327
429,16,2,56,20,20,0.8,0.4,4,327
430,16,2,57,20,20,0.8,0.4,4,327
431,16,2,58,20,20,0.8,0.4,4,327
432,16,2,59,20,20,0.8,0.4,4,327
433,16,2,60,20,20,0.8,0.4,4,327
434,16,2,61,20,20,0.8,0.4,4,327
435,16,2,62,20,20,0.8,0.4,4,327
436,16,2,63,20,20,0.8,0.4,4,327
437,16,2,64,20,20,0.8,0.4,4,327
438,16,2,65,20,20,0.8,0.4,4,327
439,16,2,66,20,20,0.8,0.4,4,327
440,16,2,67,20,20,0.8,0.4,4,327
441,16,2,68,20,20,0.8,0.4,4,327
442,16,2,69,20,20,0.8,0.4,4,327
443,16,2,70,20,20,0.8,0.4,4,327
444,16,2,71,20,20,0.8,0.4,4,327
445,16,2,72,20,20,0.8,0.4,4,327
446,16,2,73,20,20,0.8,0.4,4,327
447,16,2,74,20,20,0.8,0.4,4,327
448,16,2,75,20,20,0.8,0.4,4,327
449,16,2,76,20,20,0.8,0.4,4,327
450,16,2,77,20,20,0.8,0.4,4,327
451,16,2,78,20,20,0.8,0.4,4,327
452,16,2,79,20,20,0.8,0.4,4,327
453,16,2,80,20,20,0.8,0.4,4,327
454,16,2,81,20,20,0.8,0.4,4,327
455,16,2,82,20,20,0.8,0.4,4,327
456,16,2,83,20,20,0.8,0.4,4,327
457,16,2,84,20,20,0.8,0.4,4,327
458,16,2,85,20,20,0.8,0.4,4,327
459,16,2,86,20,20,0.8,0.4,4,328
460,16,2,87,20,20,0.8,0.4,4,328
461,16,2,88,20,20,0.8,0.4,4,328
462,16,2,89,20,20,0.8,0.4,4,328
463,16,2,90,20,20,0.8,0.4,4,328
464,16,2,91,20,20,0.8,0.4,4,328
465,16,2,92,20,20,0.8,0.4,4,328
466,16,2,93,20,20,0.8,0.4,4,328
467,16,2,94,20,20,0.8,0.4,4,328
468,16,2,95,20,20,0.8,0.4,4,328
469,16,2,96,20,20,0.8,0.4,4,328
470,16,2,97,20,20,0.8,0.4,4,328
471,16,2,98,20,20,0.8,0.4,4,328
472,16,2,99,20,20,0.8,0.4,4,328
473,16,2,100,20,20,0.8,0.4,4,328
474,17,2,0,20,20,0.8,0.4,5,0
475,17,2,1,20,20,0.8,0.4,5,86
476,17,2,2,20,20,0.8,0.4,5,122
477,17,2,3,20,20,0.8,0.4,5,138
478,17,2,4,20,20,0.8,0.4,5,152
479,17,2,5,20,20,0.8,0.4,5,163
480,17,2,6,20,20,0.8,0.4,5,172
481,17,2,7,20,20,0.8,0.4,5,180
482,17,2,8,20,20,0.8,0.4,5,186
483,17,2,9,20,20,0.8,0.4,5,184
484,17,2,10,20,20,0.8,0.4,5,200
485,17,2,11,20,20,0.8,0.4,5,208
486,17,2,12,20,20,0.8,0.4,5,232
487,17,2,13,20,20,0.8,0.4,5,235
488,17,2,14,20,20,0.8,0.4,5,229
489,17,2,15,20,20,0.8,0.4,5,229
490,17,2,16,20,20,0.8,0.4,5,225
491,17,2,17,20,20,0.8,0.4,5,220
492,17,2,18,20,20,0.8,0.4,5,221
493,17,2,19,20,20,0.8,0.4,5,220
494,17,2,20,20,20,0.8,0.4,5,217
495,17,2,21,20,20,0.8,0.4,5,211
496,17,2,22,20,20,0.8,0.4,5,216
497,17,2,23,20,20,0.8,0.4,5,214
498,17,2,24,20,20,0.8,0.4,5,224
499,17,2,25,20,20,0.8,0.4,5,229
500,17,2,26,20,20,0.8,0.4,5,224
501,17,2,27,20,20,0.8,0.4,5,220
502,17,2,28,20,20,0.8,0.4,5,234
503,17,2,29,20,20,0.8,0.4,5,238
504,17,2,30,20,20,0.8,0.4,5,234
505,17,2,31,20,20,0.8,0.4,5,231
506,17,2,32,20,20,0.8,0.4,5,225
507,17,2,33,20,20,0.8,0.4,5,231
508,17,2,34,20,20,0.8,0.4,5,230
509,17,2,35,20,20,0.8,0.4,5,228
510,17,2,36,20,20,0.8,0.4,5,228
511,17,2,37,20,20,0.8,0.4,5,242
512,17,2,38,20,20,0.8,0.4,5,243
513,17,2,39,20,20,0.8,0.4,5,238
514,17,2,40,20,20,0.8,0.4,5,235
515,17,2,41,20,20,0.8,0.4,5,234
516,17,2,42,20,20,0.8,0.4,5,242
517,17,2,43,20,20,0.8,0.4,5,242
518,17,2,44,20,20,0.8,0.4,5,242
519,17,2,45,20,20,0.8,0.4,5,249
520,17,2,46,20,20,0.8,0.4,5,243
521,17,2,47,20,20,0.8,0.4,5,236
522,17,2,48,20,20,0.8,0.4,5,239
523,17,2,49,20,20,0.8,0.4,5,238
524,17,2,50,20,20,0.8,0.4,5,230
525,17,2,51,20,20,0.8,0.4,5,235
526,17,2,52,20,20,0.8,0.4,5,235
527,17,2,53,20,20,0.8,0.4,5,241
528,17,2,54,20,20,0.8,0.4,5,245
529,17,2,55,20,20,0.8,0.4,5,244
530,17,2,56,20,20,0.8,0.4,5,244
531,17,2,57,20,20,0.8,0.4,5,249
532,17,2,58,20,20,0.8,0.4,5,252
533,17,2,59,20,20,0.8,0.4,5,251
534,17,2,60,20,20,0.8,0.4,5,246
535,17,2,61,20,20,0.8,0.4,5,248
536,17,2,62,20,20,0.8,0.4,5,246
537,17,2,63,20,20,0.8,0.4,5,248
538,17,2,64,20,20,0.8,0.4,5,255
539,17,2,65,20,20,0.8,0.4,5,250
540,17,2,66,20,20,0.8,0.4,5,243
541,17,2,67,20,20,0.8,0.4,5,241
542,17,2,68,20,20,0.8,0.4,5,238
543,17,2,69,20,20,0.8,0.4,5,233
544,17,2,70,20,20,0.8,0.4,5,232
545,17,2,71,20,20,0.8,0.4,5,236
546,17,2,72,20,20,0.8,0.4,5,238
547,17,2,73,20,20,0.8,0.4,5,241
548,17,2,74,20,20,0.8,0.4,5,237
549,17,2,75,20,20,0.8,0.4,5,237
550,17,2,76,20,20,0.8,0.4,5,236
551,17,2,77,20,20,0.8,0.4,5,237
552,17,2,78,20,20,0.8,0.4,5,227
553,17,2,79,20,20,0.8,0.4,5,230
554,17,2,80,20,20,0.8,0.4,5,237
555,17,2,81,20,20,0.8,0.4,5,243
556,17,2,82,20,20,0.8,0.4,5,243
557,17,2,83,20,20,0.8,0.4,5,243
558,17,2,84,20,20,0.8,0.4,5,243
559,17,2,85,20,20,0.8,0.4,5,242
560,17,2,86,20,20,0.8,0.4,5,247
561,17,2,87,20,20,0.8,0.4,5,249
562,17,2,88,20,20,0.8,0.4,5,263
563,17,2,89,20,20,0.8,0.4,5,264
564,17,2,90,20,20,0.8,0.4,5,255
565,17,2,91,20,20,0.8,0.4,5,256
566,17,2,92,20,20,0.8,0.4,5,249
567,17,2,93,20,20,0.8,0.4,5,242
568,17,2,94,20,20,0.8,0.4,5,241
569,17,2,95,20,20,0.8,0.4,5,244
570,17,2,96,20,20,0.8,0.4,5,248
571,17,2,97,20,20,0.8,0.4,5,252
572,17,2,98,20,20,0.8,0.4,5,246
573,17,2,99,20,20,0.8,0.4,5,240
574,17,2,100,20,20,0.8,0.4,5,251
575,18,3,0,20,20,0.8,0.4,0,0
576,19,3,0,20,20,0.8,0.4,1,0
577,19,3,1,20,20,0.8,0.4,1,314
578,19,3,2,20,20,0.8,0.4,1,323
579,20,3,0,20,20,0.8,0.4,2,0
580,20,3,1,20,20,0.8,0.4,2,294
581,20,3,2,20,20,0.8,0.4,2,316
582,20,3,3,20,20,0.8,0.4,2,319
583,21,3,0,20,20,0.8,0.4,3,0
584,21,3,1,20,20,0.8,0.4,3,236
585,21,3,2,20,20,0.8,0.4,3,275
586,21,3,3,20,20,0.8,0.4,3,295
587,21,3,4,20,20,0.8,0.4,3,303
588,21,3,5,20,20,0.8,0.4,3,314
589,21,3,6,20,20,0.8,0.4,3,317
590,21,3,7,20,20,0.8,0.4,3,318
591,21,3,8,20,20,0.8,0.4,3,321
592,21,3,9,20,20,0.8,0.4,3,321
593,21,3,10,20,20,0.8,0.4,3,321
594,22,3,0,20,20,0.8,0.4,4,0
595,22,3,1,20,20,0.8,0.4,4,159
596,22,3,2,20,20,0.8,0.4,4,198
597,22,3,3,20,20,0.8,0.4,4,225
598,22,3,4,20,20,0.8,0.4,4,246
599,22,3,5,20,20,0.8,0.4,4,271
600,22,3,6,20,20,0.8,0.4,4,281
601,22,3,7,20,20,0.8,0.4,4,273
602,22,3,8,20,20,0.8,0.4,4,278
603,22,3,9,20,20,0.8,0.4,4,285
604,22,3,10,20,20,0.8,0.4,4,290
605,22,3,11,20,20,0.8,0.4,4,294
606,22,3,12,20,20,0.8,0.4,4,299
607,22,3,13,20,20,0.8,0.4,4,301
608,22,3,14,20,20,0.8,0.4,4,302
609,22,3,15,20,20,0.8,0.4,4,305
610,22,3,16,20,20,0.8,0.4,4,306
611,22,3,17,20,20,0.8,0.4,4,307
612,22,3,18,20,20,0.8,0.4,4,308
613,22,3,19,20,20,0.8,0.4,4,309
614,22,3,20,20,20,0.8,0.4,4,310
615,22,3,21,20,20,0.8,0.4,4,310
616,22,3,22,20,20,0.8,0.4,4,311
617,22,3,23,20,20,0.8,0.4,4,311
618,22,3,24,20,20,0.8,0.4,4,310
619,22,3,25,20,20,0.8,0.4,4,310
620,22,3,26,20,20,0.8,0.4,4,310
621,22,3,27,20,20,0.8,0.4,4,310
622,22,3,28,20,20,0.8,0.4,4,310
623,22,3,29,20,20,0.8,0.4,4,310
624,22,3,30,20,20,0.8,0.4,4,310
625,22,3,31,20,20,0.8,0.4,4,311
626,22,3,32,20,20,0.8,0.4,4,311
627,22,3,33,20,20,0.8,0.4,4,311
628,22,3,34,20,20,0.8,0.4,4,311
629,22,3,35,20,20,0.8,0.4,4,311
630,23,3,0,20,20,0.8,0.4,5,0
631,23,3,1,20,20,0.8,0.4,5,68
632,23,3,2,20,20,0.8,0.4,5,131
633,23,3,3,20,20,0.8,0.4,5,139
634,23,3,4,20,20,0.8,0.4,5,157
635,23,3,5,20,20,0.8,0.4,5,171
636,23,3,6,20,20,0.8,0.4,5,173
637,23,3,7,20,20,0.8,0.4,5,171
638,23,3,8,20,20,0.8,0.4,5,165
639,23,3,9,20,20,0.8,0.4,5,174
640,23,3,10,20,20,0.8,0.4,5,185
641,23,3,11,20,20,0.8,0.4,5,187
642,23,3,12,20,20,0.8,0.4,5,191
643,23,3,13,20,20,0.8,0.4,5,201
644,23,3,14,20,20,0.8,0.4,5,200
645,23,3,15,20,20,0.8,0.4,5,203
646,23,3,16,20,20,0.8,0.4,5,215
647,23,3,17,20,20,0.8,0.4,5,220
648,23,3,18,20,20,0.8,0.4,5,223
649,23,3,19,20,20,0.8,0.4,5,213
650,23,3,20,20,20,0.8,0.4,5,219
651,23,3,21,20,20,0.8,0.4,5,205
652,23,3,22,20,20,0.8,0.4,5,211
653,23,3,23,20,20,0.8,0.4,5,216
654,23,3,24,20,20,0.8,0.4,5,224
655,23,3,25,20,20,0.8,0.4,5,231
656,23,3,26,20,20,0.8,0.4,5,228
657,23,3,27,20,20,0.8,0.4,5,218
658,23,3,28,20,20,0.8,0.4,5,218
659,23,3,29,20,20,0.8,0.4,5,219
660,23,3,30,20,20,0.8,0.4,5,212
661,23,3,31,20,20,0.8,0.4,5,216
662,23,3,32,20,20,0.8,0.4,5,220
663,23,3,33,20,20,0.8,0.4,5,222
664,23,3,34,20,20,0.8,0.4,5,230
665,23,3,35,20,20,0.8,0.4,5,231
666,23,3,36,20,20,0.8,0.4,5,232
667,23,3,37,20,20,0.8,0.4,5,225
668,23,3,38,20,20,0.8,0.4,5,230
669,23,3,39,20,20,0.8,0.4,5,231
670,23,3,40,20,20,0.8,0.4,5,227
671,23,3,41,20,20,0.8,0.4,5,220
672,23,3,42,20,20,0.8,0.4,5,212
673,23,3,43,20,20,0.8,0.4,5,218
674,23,3,44,20,20,0.8,0.4,5,217
675,23,3,45,20,20,0.8,0.4,5,206
676,23,3,46,20,20,0.8,0.4,5,210
677,23,3,47,20,20,0.8,0.4,5,219
678,23,3,48,20,20,0.8,0.4,5,215
679,23,3,49,20,20,0.8,0.4,5,209
680,23,3,50,20,20,0.8,0.4,5,204
681,23,3,51,20,20,0.8,0.4,5,206
682,23,3,52,20,20,0.8,0.4,5,225
683,23,3,53,20,20,0.8,0.4,5,225
684,23,3,54,20,20,0.8,0.4,5,229
685,23,3,55,20,20,0.8,0.4,5,229
686,23,3,56,20,20,0.8,0.4,5,226
687,23,3,57,20,20,0.8,0.4,5,221
688,23,3,58,20,20,0.8,0.4,5,218
689,23,3,59,20,20,0.8,0.4,5,213
690,23,3,60,20,20,0.8,0.4,5,216
691,23,3,61,20,20,0.8,0.4,5,210
692,23,3,62,20,20,0.8,0.4,5,212
693,23,3,63,20,20,0.8,0.4,5,217
694,23,3,64,20,20,0.8,0.4,5,211
695,23,3,65,20,20,0.8,0.4,5,211
696,23,3,66,20,20,0.8,0.4,5,212
697,23,3,67,20,20,0.8,0.4,5,216
698,23,3,68,20,20,0.8,0.4,5,220
699,23,3,69,20,20,0.8,0.4,5,220
700,23,3,70,20,20,0.8,0.4,5,218
701,23,3,71,20,20,0.8,0.4,5,220
702,23,3,72,20,20,0.8,0.4,5,219
703,23,3,73,20,20,0.8,0.4,5,222
704,23,3,74,20,20,0.8,0.4,5,219
705,23,3,75,20,20,0.8,0.4,5,215
706,23,3,76,20,20,0.8,0.4,5,219
707,23,3,77,20,20,0.8,0.4,5,219
708,23,3,78,20,20,0.8,0.4,5,224
709,23,3,79,20,20,0.8,0.4,5,220
710,23,3,80,20,20,0.8,0.4,5,219
711,23,3,81,20,20,0.8,0.4,5,218
712,23,3,82,20,20,0.8,0.4,5,221
713,23,3,83,20,20,0.8,0.4,5,225
714,23,3,84,20,20,0.8,0.4,5,217
715,23,3,85,20,20,0.8,0.4,5,211
716,23,3,86,20,20,0.8,0.4,5,225
717,23,3,87,20,20,0.8,0.4,5,222
718,23,3,88,20,20,0.8,0.4,5,225
719,23,3,89,20,20,0.8,0.4,5,222
720,23,3,90,20,20,0.8,0.4,5,220
721,23,3,91,20,20,0.8,0.4,5,217
722,23,3,92,20,20,0.8,0.4,5,212
723,23,3,93,20,20,0.8,0.4,5,215
724,23,3,94,20,20,0.8,0.4,5,219
725,23,3,95,20,20,0.8,0.4,5,227
726,23,3,96,20,20,0.8,0.4,5,226
727,23,3,97,20,20,0.8,0.4,5,233
728,23,3,98,20,20,0.8,0.4,5,231
729,23,3,99,20,20,0.8,0.4,5,228
730,23,3,100,20,20,0.8,0.4,5,225
731,24,4,0,20,20,0.8,0.4,0,0
732,25,4,0,20,20,0.8,0.4,1,0
733,25,4,1,20,20,0.8,0.4,1,322
734,26,4,0,20,20,0.8,0.4,2,0
735,26,4,1,20,20,0.8,0.4,2,283
736,26,4,2,20,20,0.8,0.4,2,306
737,26,4,3,20,20,0.8,0.4,2,311
738,26,4,4,20,20,0.8,0.4,2,314
739,26,4,5,20,20,0.8,0.4,2,315
740,26,4,6,20,20,0.8,0.4,2,316
741,26,4,7,20,20,0.8,0.4,2,317
742,26,4,8,20,20,0.8,0.4,2,317
743,27,4,0,20,20,0.8,0.4,3,0
744,27,4,1,20,20,0.8,0.4,3,250
745,27,4,2,20,20,0.8,0.4,3,278
746,27,4,3,20,20,0.8,0.4,3,299
747,27,4,4,20,20,0.8,0.4,3,312
748,27,4,5,20,20,0.8,0.4,3,319
749,27,4,6,20,20,0.8,0.4,3,325
750,27,4,7,20,20,0.8,0.4,3,327
751,27,4,8,20,20,0.8,0.4,3,325
752,27,4,9,20,20,0.8,0.4,3,328
753,27,4,10,20,20,0.8,0.4,3,328
754,27,4,11,20,20,0.8,0.4,3,331
755,27,4,12,20,20,0.8,0.4,3,331
756,27,4,13,20,20,0.8,0.4,3,332
757,27,4,14,20,20,0.8,0.4,3,332
758,27,4,15,20,20,0.8,0.4,3,332
759,27,4,16,20,20,0.8,0.4,3,333
760,27,4,17,20,20,0.8,0.4,3,334
761,27,4,18,20,20,0.8,0.4,3,334
762,27,4,19,20,20,0.8,0.4,3,334
763,27,4,20,20,20,0.8,0.4,3,334
764,27,4,21,20,20,0.8,0.4,3,334
765,27,4,22,20,20,0.8,0.4,3,334
766,27,4,23,20,20,0.8,0.4,3,334
767,27,4,24,20,20,0.8,0.4,3,335
768,27,4,25,20,20,0.8,0.4,3,335
769,27,4,26,20,20,0.8,0.4,3,335
770,27,4,27,20,20,0.8,0.4,3,335
771,27,4,28,20,20,0.8,0.4,3,335
772,27,4,29,20,20,0.8,0.4,3,335
773,27,4,30,20,20,0.8,0.4,3,335
774,27,4,31,20,20,0.8,0.4,3,335
775,27,4,32,20,20,0.8,0.4,3,335
776,28,4,0,20,20,0.8,0.4,4,0
777,28,4,1,20,20,0.8,0.4,4,172
778,28,4,2,20,20,0.8,0.4,4,215
779,28,4,3,20,20,0.8,0.4,4,229
780,28,4,4,20,20,0.8,0.4,4,252
781,28,4,5,20,20,0.8,0.4,4,259
782,28,4,6,20,20,0.8,0.4,4,268
783,28,4,7,20,20,0.8,0.4,4,277
784,28,4,8,20,20,0.8,0.4,4,280
785,28,4,9,20,20,0.8,0.4,4,285
786,28,4,10,20,20,0.8,0.4,4,292
787,28,4,11,20,20,0.8,0.4,4,292
788,28,4,12,20,20,0.8,0.4,4,294
789,28,4,13,20,20,0.8,0.4,4,297
790,28,4,14,20,20,0.8,0.4,4,300
791,28,4,15,20,20,0.8,0.4,4,300
792,28,4,16,20,20,0.8,0.4,4,302
793,28,4,17,20,20,0.8,0.4,4,303
794,28,4,18,20,20,0.8,0.4,4,304
795,28,4,19,20,20,0.8,0.4,4,305
796,28,4,20,20,20,0.8,0.4,4,305
797,28,4,21,20,20,0.8,0.4,4,305
798,28,4,22,20,20,0.8,0.4,4,306
799,28,4,23,20,20,0.8,0.4,4,307
800,28,4,24,20,20,0.8,0.4,4,308
801,28,4,25,20,20,0.8,0.4,4,309
802,28,4,26,20,20,0.8,0.4,4,309
803,28,4,27,20,20,0.8,0.4,4,309
804,28,4,28,20,20,0.8,0.4,4,309
805,28,4,29,20,20,0.8,0.4,4,310
806,28,4,30,20,20,0.8,0.4,4,310
807,28,4,31,20,20,0.8,0.4,4,311
808,28,4,32,20,20,0.8,0.4,4,311
809,28,4,33,20,20,0.8,0.4,4,311
810,28,4,34,20,20,0.8,0.4,4,311
811,28,4,35,20,20,0.8,0.4,4,311
812,28,4,36,20,20,0.8,0.4,4,311
813,28,4,37,20,20,0.8,0.4,4,311
814,28,4,38,20,20,0.8,0.4,4,311
815,28,4,39,20,20,0.8,0.4,4,311
816,28,4,40,20,20,0.8,0.4,4,311
817,28,4,41,20,20,0.8,0.4,4,311
818,28,4,42,20,20,0.8,0.4,4,311
819,28,4,43,20,20,0.8,0.4,4,311
820,28,4,44,20,20,0.8,0.4,4,311
821,28,4,45,20,20,0.8,0.4,4,311
822,28,4,46,20,20,0.8,0.4,4,311
823,28,4,47,20,20,0.8,0.4,4,311
824,28,4,48,20,20,0.8,0.4,4,311
825,28,4,49,20,20,0.8,0.4,4,311
826,28,4,50,20,20,0.8,0.4,4,311
827,28,4,51,20,20,0.8,0.4,4,311
828,28,4,52,20,20,0.8,0.4,4,311
829,28,4,53,20,20,0.8,0.4,4,311
830,28,4,54,20,20,0.8,0.4,4,311
831,28,4,55,20,20,0.8,0.4,4,311
832,28,4,56,20,20,0.8,0.4,4,311
833,28,4,57,20,20,0.8,0.4,4,311
834,28,4,58,20,20,0.8,0.4,4,311
835,28,4,59,20,20,0.8,0.4,4,311
836,28,4,60,20,20,0.8,0.4,4,311
837,28,4,61,20,20,0.8,0.4,4,311
838,28,4,62,20,20,0.8,0.4,4,311
839,28,4,63,20,20,0.8,0.4,4,311
840,28,4,64,20,20,0.8,0.4,4,311
841,29,4,0,20,20,0.8,0.4,5,0
842,29,4,1,20,20,0.8,0.4,5,85
843,29,4,2,20,20,0.8,0.4,5,121
844,29,4,3,20,20,0.8,0.4,5,124
845,29,4,4,20,20,0.8,0.4,5,141
846,29,4,5,20,20,0.8,0.4,5,168
847,29,4,6,20,20,0.8,0.4,5,173
848,29,4,7,20,20,0.8,0.4,5,188
849,29,4,8,20,20,0.8,0.4,5,188
850,29,4,9,20,20,0.8,0.4,5,185
851,29,4,10,20,20,0.8,0.4,5,194
852,29,4,11,20,20,0.8,0.4,5,200
853,29,4,12,20,20,0.8,0.4,5,198
854,29,4,13,20,20,0.8,0.4,5,194
855,29,4,14,20,20,0.8,0.4,5,198
856,29,4,15,20,20,0.8,0.4,5,203
857,29,4,16,20,20,0.8,0.4,5,203
858,29,4,17,20,20,0.8,0.4,5,203
859,29,4,18,20,20,0.8,0.4,5,205
860,29,4,19,20,20,0.8,0.4,5,210
861,29,4,20,20,20,0.8,0.4,5,230
862,29,4,21,20,20,0.8,0.4,5,218
863,29,4,22,20,20,0.8,0.4,5,221
864,29,4,23,20,20,0.8,0.4,5,226
865,29,4,24,20,20,0.8,0.4,5,231
866,29,4,25,20,20,0.8,0.4,5,228
867,29,4,26,20,20,0.8,0.4,5,242
868,29,4,27,20,20,0.8,0.4,5,232
869,29,4,28,20,20,0.8,0.4,5,229
870,29,4,29,20,20,0.8,0.4,5,234
871,29,4,30,20,20,0.8,0.4,5,228
872,29,4,31,20,20,0.8,0.4,5,223
873,29,4,32,20,20,0.8,0.4,5,216
874,29,4,33,20,20,0.8,0.4,5,212
875,29,4,34,20,20,0.8,0.4,5,222
876,29,4,35,20,20,0.8,0.4,5,223
877,29,4,36,20,20,0.8,0.4,5,221
878,29,4,37,20,20,0.8,0.4,5,223
879,29,4,38,20,20,0.8,0.4,5,230
880,29,4,39,20,20,0.8,0.4,5,226
881,29,4,40,20,20,0.8,0.4,5,223
882,29,4,41,20,20,0.8,0.4,5,221
883,29,4,42,20,20,0.8,0.4,5,216
884,29,4,43,20,20,0.8,0.4,5,217
885,29,4,44,20,20,0.8,0.4,5,222
886,29,4,45,20,20,0.8,0.4,5,227
887,29,4,46,20,20,0.8,0.4,5,226
888,29,4,47,20,20,0.8,0.4,5,220
889,29,4,48,20,20,0.8,0.4,5,224
890,29,4,49,20,20,0.8,0.4,5,227
891,29,4,50,20,20,0.8,0.4,5,226
892,29,4,51,20,20,0.8,0.4,5,226
893,29,4,52,20,20,0.8,0.4,5,223
894,29,4,53,20,20,0.8,0.4,5,217
895,29,4,54,20,20,0.8,0.4,5,218
896,29,4,55,20,20,0.8,0.4,5,221
897,29,4,56,20,20,0.8,0.4,5,213
898,29,4,57,20,20,0.8,0.4,5,214
899,29,4,58,20,20,0.8,0.4,5,216
900,29,4,59,20,20,0.8,0.4,5,224
901,29,4,60,20,20,0.8,0.4,5,235
902,29,4,61,20,20,0.8,0.4,5,239
903,29,4,62,20,20,0.8,0.4,5,236
904,29,4,63,20,20,0.8,0.4,5,236
905,29,4,64,20,20,0.8,0.4,5,230
906,29,4,65,20,20,0.8,0.4,5,231
907,29,4,66,20,20,0.8,0.4,5,219
908,29,4,67,20,20,0.8,0.4,5,225
909,29,4,68,20,20,0.8,0.4,5,227
910,29,4,69,20,20,0.8,0.4,5,231
911,29,4,70,20,20,0.8,0.4,5,234
912,29,4,71,20,20,0.8,0.4,5,231
913,29,4,72,20,20,0.8,0.4,5,235
914,29,4,73,20,20,0.8,0.4,5,234
915,29,4,74,20,20,0.8,0.4,5,232
916,29,4,75,20,20,0.8,0.4,5,230
917,29,4,76,20,20,0.8,0.4,5,229
918,29,4,77,20,20,0.8,0.4,5,232
919,29,4,78,20,20,0.8,0.4,5,232
920,29,4,79,20,20,0.8,0.4,5,225
921,29,4,80,20,20,0.8,0.4,5,215
922,29,4,81,20,20,0.8,0.4,5,214
923,29,4,82,20,20,0.8,0.4,5,223
924,29,4,83,20,20,0.8,0.4,5,222
925,29,4,84,20,20,0.8,0.4,5,215
926,29,4,85,20,20,0.8,0.4,5,214
927,29,4,86,20,20,0.8,0.4,5,214
928,29,4,87,20,20,0.8,0.4,5,223
929,29,4,88,20,20,0.8,0.4,5,228
930,29,4,89,20,20,0.8,0.4,5,226
931,29,4,90,20,20,0.8,0.4,5,227
932,29,4,91,20,20,0.8,0.4,5,216
933,29,4,92,20,20,0.8,0.4,5,213
934,29,4,93,20,20,0.8,0.4,5,218
935,29,4,94,20,20,0.8,0.4,5,221
936,29,4,95,20,20,0.8,0.4,5,221
937,29,4,96,20,20,0.8,0.4,5,221
938,29,4,97,20,20,0.8,0.4,5,217
939,29,4,98,20,20,0.8,0.4,5,224
940,29,4,99,20,20,0.8,0.4,5,216
941,29,4,100,20,20,0.8,0.4,5,219
942,30,5,0,20,20,0.8,0.4,0,0
943,31,5,0,20,20,0.8,0.4,1,0
944,31,5,1,20,20,0.8,0.4,1,311
945,32,5,0,20,20,0.8,0.4,2,0
946,32,5,1,20,20,0.8,0.4,2,295
947,32,5,2,20,20,0.8,0.4,2,312
948,32,5,3,20,20,0.8,0.4,2,321
949,32,5,4,20,20,0.8,0.4,2,325
950,32,5,5,20,20,0.8,0.4,2,326
951,32,5,6,20,20,0.8,0.4,2,326
952,32,5,7,20,20,0.8,0.4,2,326
953,33,5,0,20,20,0.8,0.4,3,0
954,33,5,1,20,20,0.8,0.4,3,240
955,33,5,2,20,20,0.8,0.4,3,285
956,33,5,3,20,20,0.8,0.4,3,296
957,33,5,4,20,20,0.8,0.4,3,297
958,33,5,5,20,20,0.8,0.4,3,307
959,33,5,6,20,20,0.8,0.4,3,314
960,33,5,7,20,20,0.8,0.4,3,315
961,33,5,8,20,20,0.8,0.4,3,315
962,33,5,9,20,20,0.8,0.4,3,316
963,33,5,10,20,20,0.8,0.4,3,316
964,33,5,11,20,20,0.8,0.4,3,318
965,33,5,12,20,20,0.8,0.4,3,319
966,33,5,13,20,20,0.8,0.4,3,319
967,33,5,14,20,20,0.8,0.4,3,320
968,33,5,15,20,20,0.8,0.4,3,320
969,33,5,16,20,20,0.8,0.4,3,320
970,33,5,17,20,20,0.8,0.4,3,320
971,33,5,18,20,20,0.8,0.4,3,320
972,33,5,19,20,20,0.8,0.4,3,320
973,33,5,20,20,20,0.8,0.4,3,321
974,33,5,21,20,20,0.8,0.4,3,321
975,33,5,22,20,20,0.8,0.4,3,321
976,33,5,23,20,20,0.8,0.4,3,322
977,33,5,24,20,20,0.8,0.4,3,322
978,33,5,25,20,20,0.8,0.4,3,322
979,33,5,26,20,20,0.8,0.4,3,322
980,34,5,0,20,20,0.8,0.4,4,0
981,34,5,1,20,20,0.8,0.4,4,158
982,34,5,2,20,20,0.8,0.4,4,191
983,34,5,3,20,20,0.8,0.4,4,224
984,34,5,4,20,20,0.8,0.4,4,240
985,34,5,5,20,20,0.8,0.4,4,243
986,34,5,6,20,20,0.8,0.4,4,257
987,34,5,7,20,20,0.8,0.4,4,253
988,34,5,8,20,20,0.8,0.4,4,262
989,34,5,9,20,20,0.8,0.4,4,269
990,34,5,10,20,20,0.8,0.4,4,274
991,34,5,11,20,20,0.8,0.4,4,272
992,34,5,12,20,20,0.8,0.4,4,277
993,34,5,13,20,20,0.8,0.4,4,281
994,34,5,14,20,20,0.8,0.4,4,283
995,34,5,15,20,20,0.8,0.4,4,282
996,34,5,16,20,20,0.8,0.4,4,282
997,34,5,17,20,20,0.8,0.4,4,283
998,34,5,18,20,20,0.8,0.4,4,287
999,34,5,19,20,20,0.8,0.4,4,288
1000,34,5,20,20,20,0.8,0.4,4,290
1001,34,5,21,20,20,0.8,0.4,4,290
1002,34,5,22,20,20,0.8,0.4,4,292
1003,34,5,23,20,20,0.8,0.4,4,296
1004,34,5,24,20,20,0.8,0.4,4,297
1005,34,5,25,20,20,0.8,0.4,4,297
1006,34,5,26,20,20,0.8,0.4,4,297
1007,34,5,27,20,20,0.8,0.4,4,298
1008,34,5,28,20,20,0.8,0.4,4,299
1009,34,5,29,20,20,0.8,0.4,4,299
1010,34,5,30,20,20,0.8,0.4,4,299
1011,34,5,31,20,20,0.8,0.4,4,300
1012,34,5,32,20,20,0.8,0.4,4,300
1013,34,5,33,20,20,0.8,0.4,4,300
1014,34,5,34,20,20,0.8,0.4,4,300
1015,34,5,35,20,20,0.8,0.4,4,302
1016,34,5,36,20,20,0.8,0.4,4,302
1017,34,5,37,20,20,0.8,0.4,4,302
1018,34,5,38,20,20,0.8,0.4,4,302
1019,34,5,39,20,20,0.8,0.4,4,302
1020,34,5,40,20,20,0.8,0.4,4,302
1021,34,5,41,20,20,0.8,0.4,4,302
1022,34,5,42,20,20,0.8,0.4,4,302
1023,34,5,43,20,20,0.8,0.4,4,302
1024,34,5,44,20,20,0.8,0.4,4,302
1025,34,5,45,20,20,0.8,0.4,4,302
1026,34,5,46,20,20,0.8,0.4,4,302
1027,34,5,47,20,20,0.8,0.4,4,302
1028,34,5,48,20,20,0.8,0.4,4,302
1029,34,5,49,20,20,0.8,0.4,4,303
1030,34,5,50,20,20,0.8,0.4,4,303
1031,34,5,51,20,20,0.8,0.4,4,303
1032,34,5,52,20,20,0.8,0.4,4,303
1033,34,5,53,20,20,0.8,0.4,4,303
1034,34,5,54,20,20,0.8,0.4,4,303
1035,34,5,55,20,20,0.8,0.4,4,304
1036,34,5,56,20,20,0.8,0.4,4,305
1037,34,5,57,20,20,0.8,0.4,4,305
1038,34,5,58,20,20,0.8,0.4,4,305
1039,34,5,59,20,20,0.8,0.4,4,305
1040,34,5,60,20,20,0.8,0.4,4,305
1041,34,5,61,20,20,0.8,0.4,4,305
1042,34,5,62,20,20,0.8,0.4,4,305
1043,34,5,63,20,20,0.8,0.4,4,305
1044,34,5,64,20,20,0.8,0.4,4,305
1045,34,5,65,20,20,0.8,0.4,4,305
1046,34,5,66,20,20,0.8,0.4,4,305
1047,34,5,67,20,20,0.8,0.4,4,305
1048,34,5,68,20,20,0.8,0.4,4,305
1049,34,5,69,20,20,0.8,0.4,4,306
1050,34,5,70,20,20,0.8,0.4,4,305
1051,34,5,71,20,20,0.8,0.4,4,305
1052,34,5,72,20,20,0.8,0.4,4,305
1053,34,5,73,20,20,0.8,0.4,4,305
1054,34,5,74,20,20,0.8,0.4,4,306
1055,34,5,75,20,20,0.8,0.4,4,306
1056,34,5,76,20,20,0.8,0.4,4,307
1057,34,5,77,20,20,0.8,0.4,4,307
1058,34,5,78,20,20,0.8,0.4,4,307
1059,34,5,79,20,20,0.8,0.4,4,307
1060,34,5,80,20,20,0.8,0.4,4,307
1061,34,5,81,20,20,0.8,0.4,4,307
1062,34,5,82,20,20,0.8,0.4,4,307
1063,34,5,83,20,20,0.8,0.4,4,308
1064,34,5,84,20,20,0.8,0.4,4,308
1065,34,5,85,20,20,0.8,0.4,4,308
1066,34,5,86,20,20,0.8,0.4,4,308
1067,34,5,87,20,20,0.8,0.4,4,308
1068,34,5,88,20,20,0.8,0.4,4,308
1069,34,5,89,20,20,0.8,0.4,4,308
1070,34,5,90,20,20,0.8,0.4,4,308
1071,34,5,91,20,20,0.8,0.4,4,308
1072,34,5,92,20,20,0.8,0.4,4,308
1073,34,5,93,20,20,0.8,0.4,4,308
1074,34,5,94,20,20,0.8,0.4,4,308
1075,34,5,95,20,20,0.8,0.4,4,308
1076,34,5,96,20,20,0.8,0.4,4,308
1077,34,5,97,20,20,0.8,0.4,4,308
1078,34,5,98,20,20,0.8,0.4,4,308
1079,34,5,99,20,20,0.8,0.4,4,308
1080,34,5,100,20,20,0.8,0.4,4,308
1081,35,5,0,20,20,0.8,0.4,5,0
1082,35,5,1,20,20,0.8,0.4,5,87
1083,35,5,2,20,20,0.8,0.4,5,130
1084,35,5,3,20,20,0.8,0.4,5,166
1085,35,5,4,20,20,0.8,0.4,5,185
1086,35,5,5,20,20,0.8,0.4,5,193
1087,35,5,6,20,20,0.8,0.4,5,196
1088,35,5,7,20,20,0.8,0.4,5,216
1089,35,5,8,20,20,0.8,0.4,5,214
1090,35,5,9,20,20,0.8,0.4,5,221
1091,35,5,10,20,20,0.8,0.4,5,219
1092,35,5,11,20,20,0.8,0.4,5,225
1093,35,5,12,20,20,0.8,0.4,5,228
1094,35,5,13,20,20,0.8,0.4,5,232
1095,35,5,14,20,20,0.8,0.4,5,234
1096,35,5,15,20,20,0.8,0.4,5,235
1097,35,5,16,20,20,0.8,0.4,5,233
1098,35,5,17,20,20,0.8,0.4,5,224
1099,35,5,18,20,20,0.8,0.4,5,232
1100,35,5,19,20,20,0.8,0.4,5,232
1101,35,5,20,20,20,0.8,0.4,5,241
1102,35,5,21,20,20,0.8,0.4,5,225
1103,35,5,22,20,20,0.8,0.4,5,236
1104,35,5,23,20,20,0.8,0.4,5,229
1105,35,5,24,20,20,0.8,0.4,5,233
1106,35,5,25,20,20,0.8,0.4,5,231
1107,35,5,26,20,20,0.8,0.4,5,239
1108,35,5,27,20,20,0.8,0.4,5,248
1109,35,5,28,20,20,0.8,0.4,5,253
1110,35,5,29,20,20,0.8,0.4,5,248
1111,35,5,30,20,20,0.8,0.4,5,246
1112,35,5,31,20,20,0.8,0.4,5,246
1113,35,5,32,20,20,0.8,0.4,5,246
1114,35,5,33,20,20,0.8,0.4,5,253
1115,35,5,34,20,20,0.8,0.4,5,245
1116,35,5,35,20,20,0.8,0.4,5,246
1117,35,5,36,20,20,0.8,0.4,5,248
1118,35,5,37,20,20,0.8,0.4,5,249
1119,35,5,38,20,20,0.8,0.4,5,242
1120,35,5,39,20,20,0.8,0.4,5,243
1121,35,5,40,20,20,0.8,0.4,5,251
1122,35,5,41,20,20,0.8,0.4,5,248
1123,35,5,42,20,20,0.8,0.4,5,247
1124,35,5,43,20,20,0.8,0.4,5,247
1125,35,5,44,20,20,0.8,0.4,5,235
1126,35,5,45,20,20,0.8,0.4,5,239
1127,35,5,46,20,20,0.8,0.4,5,234
1128,35,5,47,20,20,0.8,0.4,5,240
1129,35,5,48,20,20,0.8,0.4,5,236
1130,35,5,49,20,20,0.8,0.4,5,238
1131,35,5,50,20,20,0.8,0.4,5,237
1132,35,5,51,20,20,0.8,0.4,5,240
1133,35,5,52,20,20,0.8,0.4,5,247
1134,35,5,53,20,20,0.8,0.4,5,249
1135,35,5,54,20,20,0.8,0.4,5,246
1136,35,5,55,20,20,0.8,0.4,5,253
1137,35,5,56,20,20,0.8,0.4,5,259
1138,35,5,57,20,20,0.8,0.4,5,258
1139,35,5,58,20,20,0.8,0.4,5,250
1140,35,5,59,20,20,0.8,0.4,5,253
1141,35,5,60,20,20,0.8,0.4,5,252
1142,35,5,61,20,20,0.8,0.4,5,252
1143,35,5,62,20,20,0.8,0.4,5,254
1144,35,5,63,20,20,0.8,0.4,5,246
1145,35,5,64,20,20,0.8,0.4,5,244
1146,35,5,65,20,20,0.8,0.4,5,244
1147,35,5,66,20,20,0.8,0.4,5,255
1148,35,5,67,20,20,0.8,0.4,5,252
1149,35,5,68,20,20,0.8,0.4,5,251
1150,35,5,69,20,20,0.8,0.4,5,248
1151,35,5,70,20,20,0.8,0.4,5,247
1152,35,5,71,20,20,0.8,0.4,5,254
1153,35,5,72,20,20,0.8,0.4,5,251
1154,35,5,73,20,20,0.8,0.4,5,250
1155,35,5,74,20,20,0.8,0.4,5,240
1156,35,5,75,20,20,0.8,0.4,5,237
1157,35,5,76,20,20,0.8,0.4,5,239
1158,35,5,77,20,20,0.8,0.4,5,241
1159,35,5,78,20,20,0.8,0.4,5,245
1160,35,5,79,20,20,0.8,0.4,5,235
1161,35,5,80,20,20,0.8,0.4,5,237
1162,35,5,81,20,20,0.8,0.4,5,238
1163,35,5,82,20,20,0.8,0.4,5,236
1164,35,5,83,20,20,0.8,0.4,5,240
1165,35,5,84,20,20,0.8,0.4,5,242
1166,35,5,85,20,20,0.8,0.4,5,243
1167,35,5,86,20,20,0.8,0.4,5,246
1168,35,5,87,20,20,0.8,0.4,5,247
1169,35,5,88,20,20,0.8,0.4,5,246
1170,35,5,89,20,20,0.8,0.4,5,244
1171,35,5,90,20,20,0.8,0.4,5,244
1172,35,5,91,20,20,0.8,0.4,5,236
1173,35,5,92,20,20,0.8,0.4,5,227
1174,35,5,93,20,20,0.8,0.4,5,236
1175,35,5,94,20,20,0.8,0.4,5,238
1176,35,5,95,20,20,0.8,0.4,5,240
1177,35,5,96,20,20,0.8,0.4,5,247
1178,35,5,97,20,20,0.8,0.4,5,246
1179,35,5,98,20,20,0.8,0.4,5,248
1180,35,5,99,20,20,0.8,0.4,5,256
1181,35,5,100,20,20,0.8,0.4,5,260
1182,36,6,0,20,20,0.8,0.4,0,0
1183,37,6,0,20,20,0.8,0.4,1,0
1184,37,6,1,20,20,0.8,0.4,1,328
1185,37,6,2,20,20,0.8,0.4,1,333
1186,38,6,0,20,20,0.8,0.4,2,0
1187,38,6,1,20,20,0.8,0.4,2,278
1188,38,6,2,20,20,0.8,0.4,2,309
1189,38,6,3,20,20,0.8,0.4,2,311
1190,38,6,4,20,20,0.8,0.4,2,313
1191,38,6,5,20,20,0.8,0.4,2,314
1192,38,6,6,20,20,0.8,0.4,2,316
1193,38,6,7,20,20,0.8,0.4,2,317
1194,38,6,8,20,20,0.8,0.4,2,317
1195,38,6,9,20,20,0.8,0.4,2,317
1196,39,6,0,20,20,0.8,0.4,3,0
1197,39,6,1,20,20,0.8,0.4,3,223
1198,39,6,2,20,20,0.8,0.4,3,266
1199,39,6,3,20,20,0.8,0.4,3,292
1200,39,6,4,20,20,0.8,0.4,3,303
1201,39,6,5,20,20,0.8,0.4,3,306
1202,39,6,6,20,20,0.8,0.4,3,311
1203,39,6,7,20,20,0.8,0.4,3,312
1204,39,6,8,20,20,0.8,0.4,3,312
1205,39,6,9,20,20,0.8,0.4,3,313
1206,39,6,10,20,20,0.8,0.4,3,315
1207,39,6,11,20,20,0.8,0.4,3,315
1208,40,6,0,20,20,0.8,0.4,4,0
1209,40,6,1,20,20,0.8,0.4,4,165
1210,40,6,2,20,20,0.8,0.4,4,216
1211,40,6,3,20,20,0.8,0.4,4,239
1212,40,6,4,20,20,0.8,0.4,4,261
1213,40,6,5,20,20,0.8,0.4,4,262
1214,40,6,6,20,20,0.8,0.4,4,272
1215,40,6,7,20,20,0.8,0.4,4,277
1216,40,6,8,20,20,0.8,0.4,4,290
1217,40,6,9,20,20,0.8,0.4,4,289
1218,40,6,10,20,20,0.8,0.4,4,291
1219,40,6,11,20,20,0.8,0.4,4,297
1220,40,6,12,20,20,0.8,0.4,4,300
1221,40,6,13,20,20,0.8,0.4,4,301
1222,40,6,14,20,20,0.8,0.4,4,300
1223,40,6,15,20,20,0.8,0.4,4,307
1224,40,6,16,20,20,0.8,0.4,4,308
1225,40,6,17,20,20,0.8,0.4,4,307
1226,40,6,18,20,20,0.8,0.4,4,308
1227,40,6,19,20,20,0.8,0.4,4,307
1228,40,6,20,20,20,0.8,0.4,4,307
1229,40,6,21,20,20,0.8,0.4,4,309
1230,40,6,22,20,20,0.8,0.4,4,309
1231,40,6,23,20,20,0.8,0.4,4,311
1232,40,6,24,20,20,0.8,0.4,4,311
1233,40,6,25,20,20,0.8,0.4,4,311
1234,40,6,26,20,20,0.8,0.4,4,312
1235,40,6,27,20,20,0.8,0.4,4,311
1236,40,6,28,20,20,0.8,0.4,4,312
1237,40,6,29,20,20,0.8,0.4,4,314
1238,40,6,30,20,20,0.8,0.4,4,317
1239,40,6,31,20,20,0.8,0.4,4,317
1240,40,6,32,20,20,0.8,0.4,4,317
1241,40,6,33,20,20,0.8,0.4,4,317
1242,40,6,34,20,20,0.8,0.4,4,317
1243,40,6,35,20,20,0.8,0.4,4,317
1244,40,6,36,20,20,0.8,0.4,4,317
1245,40,6,37,20,20,0.8,0.4,4,317
1246,40,6,38,20,20,0.8,0.4,4,318
1247,40,6,39,20,20,0.8,0.4,4,318
1248,40,6,40,20,20,0.8,0.4,4,318
1249,40,6,41,20,20,0.8,0.4,4,318
1250,40,6,42,20,20,0.8,0.4,4,318
1251,40,6,43,20,20,0.8,0.4,4,318
1252,40,6,44,20,20,0.8,0.4,4,318
1253,40,6,45,20,20,0.8,0.4,4,318
1254,40,6,46,20,20,0.8,0.4,4,318
1255,40,6,47,20,20,0.8,0.4,4,318
1256,40,6,48,20,20,0.8,0.4,4,318
1257,40,6,49,20,20,0.8,0.4,4,318
1258,40,6,50,20,20,0.8,0.4,4,318
1259,40,6,51,20,20,0.8,0.4,4,318
1260,40,6,52,20,20,0.8,0.4,4,318
1261,40,6,53,20,20,0.8,0.4,4,318
1262,40,6,54,20,20,0.8,0.4,4,318
1263,40,6,55,20,20,0.8,0.4,4,318
1264,40,6,56,20,20,0.8,0.4,4,318
1265,40,6,57,20,20,0.8,0.4,4,318
1266,40,6,58,20,20,0.8,0.4,4,318
1267,40,6,59,20,20,0.8,0.4,4,318
1268,40,6,60,20,20,0.8,0.4,4,318
1269,40,6,61,20,20,0.8,0.4,4,318
1270,40,6,62,20,20,0.8,0.4,4,318
1271,40,6,63,20,20,0.8,0.4,4,318
1272,40,6,64,20,20,0.8,0.4,4,318
1273,40,6,65,20,20,0.8,0.4,4,318
1274,40,6,66,20,20,0.8,0.4,4,318
1275,40,6,67,20,20,0.8,0.4,4,318
1276,40,6,68,20,20,0.8,0.4,4,318
1277,40,6,69,20,20,0.8,0.4,4,318
1278,40,6,70,20,20,0.8,0.4,4,318
1279,40,6,71,20,20,0.8,0.4,4,318
1280,40,6,72,20,20,0.8,0.4,4,318
1281,40,6,73,20,20,0.8,0.4,4,318
1282,40,6,74,20,20,0.8,0.4,4,318
1283,40,6,75,20,20,0.8,0.4,4,318
1284,40,6,76,20,20,0.8,0.4,4,318
1285,40,6,77,20,20,0.8,0.4,4,318
1286,40,6,78,20,20,0.8,0.4,4,318
1287,40,6,79,20,20,0.8,0.4,4,318
1288,40,6,80,20,20,0.8,0.4,4,318
1289,40,6,81,20,20,0.8,0.4,4,318
1290,40,6,82,20,20,0.8,0.4,4,318
1291,40,6,83,20,20,0.8,0.4,4,318
1292,40,6,84,20,20,0.8,0.4,4,318
1293,40,6,85,20,20,0.8,0.4,4,318
1294,40,6,86,20,20,0.8,0.4,4,318
1295,40,6,87,20,20,0.8,0.4,4,318
1296,40,6,88,20,20,0.8,0.4,4,318
1297,40,6,89,20,20,0.8,0.4,4,318
1298,40,6,90,20,20,0.8,0.4,4,318
1299,40,6,91,20,20,0.8,0.4,4,318
1300,40,6,92,20,20,0.8,0.4,4,318
1301,40,6,93,20,20,0.8,0.4,4,318
1302,40,6,94,20,20,0.8,0.4,4,318
1303,40,6,95,20,20,0.8,0.4,4,318
1304,40,6,96,20,20,0.8,0.4,4,318
1305,40,6,97,20,20,0.8,0.4,4,318
1306,40,6,98,20,20,0.8,0.4,4,318
1307,40,6,99,20,20,0.8,0.4,4,318
1308,40,6,100,20,20,0.8,0.4,4,318
1309,41,6,0,20,20,0.8,0.4,5,0
1310,41,6,1,20,20,0.8,0.4,5,104
1311,41,6,2,20,20,0.8,0.4,5,150
1312,41,6,3,20,20,0.8,0.4,5,175
1313,41,6,4,20,20,0.8,0.4,5,184
1314,41,6,5,20,20,0.8,0.4,5,197
1315,41,6,6,20,20,0.8,0.4,5,179
1316,41,6,7,20,20,0.8,0.4,5,182
1317,41,6,8,20,20,0.8,0.4,5,197
1318,41,6,9,20,20,0.8,0.4,5,192
1319,41,6,10,20,20,0.8,0.4,5,202
1320,41,6,11,20,20,0.8,0.4,5,212
1321,41,6,12,20,20,0.8,0.4,5,219
1322,41,6,13,20,20,0.8,0.4,5,232
1323,41,6,14,20,20,0.8,0.4,5,230
1324,41,6,15,20,20,0.8,0.4,5,233
1325,41,6,16,20,20,0.8,0.4,5,241
1326,41,6,17,20,20,0.8,0.4,5,246
1327,41,6,18,20,20,0.8,0.4,5,247
1328,41,6,19,20,20,0.8,0.4,5,252
1329,41,6,20,20,20,0.8,0.4,5,256
1330,41,6,21,20,20,0.8,0.4,5,253
1331,41,6,22,20,20,0.8,0.4,5,242
1332,41,6,23,20,20,0.8,0.4,5,249
1333,41,6,24,20,20,0.8,0.4,5,249
1334,41,6,25,20,20,0.8,0.4,5,239
1335,41,6,26,20,20,0.8,0.4,5,229
1336,41,6,27,20,20,0.8,0.4,5,224
1337,41,6,28,20,20,0.8,0.4,5,233
1338,41,6,29,20,20,0.8,0.4,5,242
1339,41,6,30,20,20,0.8,0.4,5,246
1340,41,6,31,20,20,0.8,0.4,5,235
1341,41,6,32,20,20,0.8,0.4,5,235
1342,41,6,33,20,20,0.8,0.4,5,243
1343,41,6,34,20,20,0.8,0.4,5,247
1344,41,6,35,20,20,0.8,0.4,5,243
1345,41,6,36,20,20,0.8,0.4,5,237
1346,41,6,37,20,20,0.8,0.4,5,239
1347,41,6,38,20,20,0.8,0.4,5,233
1348,41,6,39,20,20,0.8,0.4,5,232
1349,41,6,40,20,20,0.8,0.4,5,236
1350,41,6,41,20,20,0.8,0.4,5,231
1351,41,6,42,20,20,0.8,0.4,5,234
1352,41,6,43,20,20,0.8,0.4,5,235
1353,41,6,44,20,20,0.8,0.4,5,243
1354,41,6,45,20,20,0.8,0.4,5,248
1355,41,6,46,20,20,0.8,0.4,5,255
1356,41,6,47,20,20,0.8,0.4,5,260
1357,41,6,48,20,20,0.8,0.4,5,263
1358,41,6,49,20,20,0.8,0.4,5,258
1359,41,6,50,20,20,0.8,0.4,5,252
1360,41,6,51,20,20,0.8,0.4,5,252
1361,41,6,52,20,20,0.8,0.4,5,246
1362,41,6,53,20,20,0.8,0.4,5,254
1363,41,6,54,20,20,0.8,0.4,5,248
1364,41,6,55,20,20,0.8,0.4,5,247
1365,41,6,56,20,20,0.8,0.4,5,243
1366,41,6,57,20,20,0.8,0.4,5,251
1367,41,6,58,20,20,0.8,0.4,5,266
1368,41,6,59,20,20,0.8,0.4,5,265
1369,41,6,60,20,20,0.8,0.4,5,263
1370,41,6,61,20,20,0.8,0.4,5,261
1371,41,6,62,20,20,0.8,0.4,5,251
1372,41,6,63,20,20,0.8,0.4,5,247
1373,41,6,64,20,20,0.8,0.4,5,247
1374,41,6,65,20,20,0.8,0.4,5,240
1375,41,6,66,20,20,0.8,0.4,5,245
1376,41,6,67,20,20,0.8,0.4,5,251
1377,41,6,68,20,20,0.8,0.4,5,251
1378,41,6,69,20,20,0.8,0.4,5,252
1379,41,6,70,20,20,0.8,0.4,5,253
1380,41,6,71,20,20,0.8,0.4,5,252
1381,41,6,72,20,20,0.8,0.4,5,255
1382,41,6,73,20,20,0.8,0.4,5,255
1383,41,6,74,20,20,0.8,0.4,5,260
1384,41,6,75,20,20,0.8,0.4,5,259
1385,41,6,76,20,20,0.8,0.4,5,256
1386,41,6,77,20,20,0.8,0.4,5,260
1387,41,6,78,20,20,0.8,0.4,5,252
1388,41,6,79,20,20,0.8,0.4,5,255
1389,41,6,80,20,20,0.8,0.4,5,258
1390,41,6,81,20,20,0.8,0.4,5,247
1391,41,6,82,20,20,0.8,0.4,5,249
1392,41,6,83,20,20,0.8,0.4,5,248
1393,41,6,84,20,20,0.8,0.4,5,251
1394,41,6,85,20,20,0.8,0.4,5,259
1395,41,6,86,20,20,0.8,0.4,5,261
1396,41,6,87,20,20,0.8,0.4,5,262
1397,41,6,88,20,20,0.8,0.4,5,257
1398,41,6,89,20,20,0.8,0.4,5,253
1399,41,6,90,20,20,0.8,0.4,5,257
1400,41,6,91,20,20,0.8,0.4,5,253
1401,41,6,92,20,20,0.8,0.4,5,249
1402,41,6,93,20,20,0.8,0.4,5,248
1403,41,6,94,20,20,0.8,0.4,5,253
1404,41,6,95,20,20,0.8,0.4,5,256
1405,41,6,96,20,20,0.8,0.4,5,256
1406,41,6,97,20,20,0.8,0.4,5,255
1407,41,6,98,20,20,0.8,0.4,5,257
1408,41,6,99,20,20,0.8,0.4,5,255
1409,41,6,100,20,20,0.8,0.4,5,256
1410,42,7,0,20,20,0.8,0.4,0,0
1411,43,7,0,20,20,0.8,0.4,1,0
1412,43,7,1,20,20,0.8,0.4,1,312
1413,43,7,2,20,20,0.8,0.4,1,317
1414,43,7,3,20,20,0.8,0.4,1,318
1415,43,7,4,20,20,0.8,0.4,1,318
1416,44,7,0,20,20,0.8,0.4,2,0
1417,44,7,1,20,20,0.8,0.4,2,292
1418,44,7,2,20,20,0.8,0.4,2,311
1419,44,7,3,20,20,0.8,0.4,2,318
1420,45,7,0,20,20,0.8,0.4,3,0
1421,45,7,1,20,20,0.8,0.4,3,258
1422,45,7,2,20,20,0.8,0.4,3,286
1423,45,7,3,20,20,0.8,0.4,3,302
1424,45,7,4,20,20,0.8,0.4,3,314
1425,45,7,5,20,20,0.8,0.4,3,319
1426,45,7,6,20,20,0.8,0.4,3,320
1427,45,7,7,20,20,0.8,0.4,3,324
1428,45,7,8,20,20,0.8,0.4,3,327
1429,46,7,0,20,20,0.8,0.4,4,0
1430,46,7,1,20,20,0.8,0.4,4,151
1431,46,7,2,20,20,0.8,0.4,4,208
1432,46,7,3,20,20,0.8,0.4,4,230
1433,46,7,4,20,20,0.8,0.4,4,242
1434,46,7,5,20,20,0.8,0.4,4,260
1435,46,7,6,20,20,0.8,0.4,4,266
1436,46,7,7,20,20,0.8,0.4,4,277
1437,46,7,8,20,20,0.8,0.4,4,286
1438,46,7,9,20,20,0.8,0.4,4,287
1439,46,7,10,20,20,0.8,0.4,4,292
1440,46,7,11,20,20,0.8,0.4,4,297
1441,46,7,12,20,20,0.8,0.4,4,296
1442,46,7,13,20,20,0.8,0.4,4,300
1443,46,7,14,20,20,0.8,0.4,4,301
1444,46,7,15,20,20,0.8,0.4,4,306
1445,46,7,16,20,20,0.8,0.4,4,309
1446,46,7,17,20,20,0.8,0.4,4,310
1447,46,7,18,20,20,0.8,0.4,4,311
1448,46,7,19,20,20,0.8,0.4,4,311
1449,46,7,20,20,20,0.8,0.4,4,312
1450,46,7,21,20,20,0.8,0.4,4,311
1451,46,7,22,20,20,0.8,0.4,4,312
1452,46,7,23,20,20,0.8,0.4,4,311
1453,46,7,24,20,20,0.8,0.4,4,312
1454,46,7,25,20,20,0.8,0.4,4,312
1455,46,7,26,20,20,0.8,0.4,4,313
1456,46,7,27,20,20,0.8,0.4,4,315
1457,46,7,28,20,20,0.8,0.4,4,314
1458,46,7,29,20,20,0.8,0.4,4,314
1459,46,7,30,20,20,0.8,0.4,4,314
1460,46,7,31,20,20,0.8,0.4,4,314
1461,46,7,32,20,20,0.8,0.4,4,314
1462,46,7,33,20,20,0.8,0.4,4,315
1463,46,7,34,20,20,0.8,0.4,4,315
1464,46,7,35,20,20,0.8,0.4,4,315
1465,46,7,36,20,20,0.8,0.4,4,315
1466,46,7,37,20,20,0.8,0.4,4,315
1467,46,7,38,20,20,0.8,0.4,4,315
1468,46,7,39,20,20,0.8,0.4,4,315
1469,46,7,40,20,20,0.8,0.4,4,315
1470,46,7,41,20,20,0.8,0.4,4,315
1471,47,7,0,20,20,0.8,0.4,5,0
1472,47,7,1,20,20,0.8,0.4,5,90
1473,47,7,2,20,20,0.8,0.4,5,150
1474,47,7,3,20,20,0.8,0.4,5,184
1475,47,7,4,20,20,0.8,0.4,5,201
1476,47,7,5,20,20,0.8,0.4,5,202
1477,47,7,6,20,20,0.8,0.4,5,217
1478,47,7,7,20,20,0.8,0.4,5,238
1479,47,7,8,20,20,0.8,0.4,5,235
1480,47,7,9,20,20,0.8,0.4,5,251
1481,47,7,10,20,20,0.8,0.4,5,241
1482,47,7,11,20,20,0.8,0.4,5,245
1483,47,7,12,20,20,0.8,0.4,5,254
1484,47,7,13,20,20,0.8,0.4,5,250
1485,47,7,14,20,20,0.8,0.4,5,255
1486,47,7,15,20,20,0.8,0.4,5,253
1487,47,7,16,20,20,0.8,0.4,5,249
1488,47,7,17,20,20,0.8,0.4,5,243
1489,47,7,18,20,20,0.8,0.4,5,252
1490,47,7,19,20,20,0.8,0.4,5,259
1491,47,7,20,20,20,0.8,0.4,5,254
1492,47,7,21,20,20,0.8,0.4,5,261
1493,47,7,22,20,20,0.8,0.4,5,262
1494,47,7,23,20,20,0.8,0.4,5,265
1495,47,7,24,20,20,0.8,0.4,5,263
1496,47,7,25,20,20,0.8,0.4,5,259
1497,47,7,26,20,20,0.8,0.4,5,259
1498,47,7,27,20,20,0.8,0.4,5,257
1499,47,7,28,20,20,0.8,0.4,5,258
1500,47,7,29,20,20,0.8,0.4,5,255
1501,47,7,30,20,20,0.8,0.4,5,256
1502,47,7,31,20,20,0.8,0.4,5,256
1503,47,7,32,20,20,0.8,0.4,5,252
1504,47,7,33,20,20,0.8,0.4,5,263
1505,47,7,34,20,20,0.8,0.4,5,265
1506,47,7,35,20,20,0.8,0.4,5,264
1507,47,7,36,20,20,0.8,0.4,5,271
1508,47,7,37,20,20,0.8,0.4,5,264
1509,47,7,38,20,20,0.8,0.4,5,260
1510,47,7,39,20,20,0.8,0.4,5,258
1511,47,7,40,20,20,0.8,0.4,5,263
1512,47,7,41,20,20,0.8,0.4,5,265
1513,47,7,42,20,20,0.8,0.4,5,273
1514,47,7,43,20,20,0.8,0.4,5,267
1515,47,7,44,20,20,0.8,0.4,5,260
1516,47,7,45,20,20,0.8,0.4,5,265
1517,47,7,46,20,20,0.8,0.4,5,274
1518,47,7,47,20,20,0.8,0.4,5,276
1519,47,7,48,20,20,0.8,0.4,5,265
1520,47,7,49,20,20,0.8,0.4,5,265
1521,47,7,50,20,20,0.8,0.4,5,268
1522,47,7,51,20,20,0.8,0.4,5,264
1523,47,7,52,20,20,0.8,0.4,5,262
1524,47,7,53,20,20,0.8,0.4,5,259
1525,47,7,54,20,20,0.8,0.4,5,259
1526,47,7,55,20,20,0.8,0.4,5,260
1527,47,7,56,20,20,0.8,0.4,5,255
1528,47,7,57,20,20,0.8,0.4,5,261
1529,47,7,58,20,20,0.8,0.4,5,260
1530,47,7,59,20,20,0.8,0.4,5,264
1531,47,7,60,20,20,0.8,0.4,5,268
1532,47,7,61,20,20,0.8,0.4,5,268
1533,47,7,62,20,20,0.8,0.4,5,273
1534,47,7,63,20,20,0.8,0.4,5,273
1535,47,7,64,20,20,0.8,0.4,5,275
1536,47,7,65,20,20,0.8,0.4,5,272
1537,47,7,66,20,20,0.8,0.4,5,277
1538,47,7,67,20,20,0.8,0.4,5,282
1539,47,7,68,20,20,0.8,0.4,5,281
1540,47,7,69,20,20,0.8,0.4,5,276
1541,47,7,70,20,20,0.8,0.4,5,277
1542,47,7,71,20,20,0.8,0.4,5,272
1543,47,7,72,20,20,0.8,0.4,5,277
1544,47,7,73,20,20,0.8,0.4,5,278
1545,47,7,74,20,20,0.8,0.4,5,279
1546,47,7,75,20,20,0.8,0.4,5,281
1547,47,7,76,20,20,0.8,0.4,5,279
1548,47,7,77,20,20,0.8,0.4,5,283
1549,47,7,78,20,20,0.8,0.4,5,285
1550,47,7,79,20,20,0.8,0.4,5,278
1551,47,7,80,20,20,0.8,0.4,5,282
1552,47,7,81,20,20,0.8,0.4,5,274
1553,47,7,82,20,20,0.8,0.4,5,267
1554,47,7,83,20,20,0.8,0.4,5,269
1555,47,7,84,20,20,0.8,0.4,5,275
1556,47,7,85,20,20,0.8,0.4,5,271
1557,47,7,86,20,20,0.8,0.4,5,279
1558,47,7,87,20,20,0.8,0.4,5,280
1559,47,7,88,20,20,0.8,0.4,5,277
1560,47,7,89,20,20,0.8,0.4,5,282
1561,47,7,90,20,20,0.8,0.4,5,283
1562,47,7,91,20,20,0.8,0.4,5,282
1563,47,7,92,20,20,0.8,0.4,5,279
1564,47,7,93,20,20,0.8,0.4,5,284
1565,47,7,94,20,20,0.8,0.4,5,282
1566,47,7,95,20,20,0.8,0.4,5,286
1567,47,7,96,20,20,0.8,0.4,5,280
1568,47,7,97,20,20,0.8,0.4,5,282
1569,47,7,98,20,20,0.8,0.4,5,279
1570,47,7,99,20,20,0.8,0.4,5,279
1571,47,7,100,20,20,0.8,0.4,5,279
1572,48,8,0,20,20,0.8,0.4,0,0
1573,49,8,0,20,20,0.8,0.4,1,0
1574,49,8,1,20,20,0.8,0.4,1,318
1575,49,8,2,20,20,0.8,0.4,1,322
1576,50,8,0,20,20,0.8,0.4,2,0
1577,50,8,1,20,20,0.8,0.4,2,290
1578,50,8,2,20,20,0.8,0.4,2,314
1579,50,8,3,20,20,0.8,0.4,2,320
1580,50,8,4,20,20,0.8,0.4,2,322
1581,50,8,5,20,20,0.8,0.4,2,325
1582,50,8,6,20,20,0.8,0.4,2,325
1583,50,8,7,20,20,0.8,0.4,2,325
1584,50,8,8,20,20,0.8,0.4,2,325
1585,50,8,9,20,20,0.8,0.4,2,325
1586,50,8,10,20,20,0.8,0.4,2,325
1587,51,8,0,20,20,0.8,0.4,3,0
1588,51,8,1,20,20,0.8,0.4,3,235
1589,51,8,2,20,20,0.8,0.4,3,267
1590,51,8,3,20,20,0.8,0.4,3,265
1591,51,8,4,20,20,0.8,0.4,3,277
1592,51,8,5,20,20,0.8,0.4,3,289
1593,51,8,6,20,20,0.8,0.4,3,295
1594,51,8,7,20,20,0.8,0.4,3,299
1595,51,8,8,20,20,0.8,0.4,3,301
1596,51,8,9,20,20,0.8,0.4,3,304
1597,51,8,10,20,20,0.8,0.4,3,304
1598,51,8,11,20,20,0.8,0.4,3,307
1599,51,8,12,20,20,0.8,0.4,3,308
1600,51,8,13,20,20,0.8,0.4,3,311
1601,51,8,14,20,20,0.8,0.4,3,313
1602,51,8,15,20,20,0.8,0.4,3,313
1603,51,8,16,20,20,0.8,0.4,3,314
1604,51,8,17,20,20,0.8,0.4,3,314
1605,51,8,18,20,20,0.8,0.4,3,314
1606,51,8,19,20,20,0.8,0.4,3,314
1607,51,8,20,20,20,0.8,0.4,3,314
1608,52,8,0,20,20,0.8,0.4,4,0
1609,52,8,1,20,20,0.8,0.4,4,165
1610,52,8,2,20,20,0.8,0.4,4,200
1611,52,8,3,20,20,0.8,0.4,4,250
1612,52,8,4,20,20,0.8,0.4,4,262
1613,52,8,5,20,20,0.8,0.4,4,276
1614,52,8,6,20,20,0.8,0.4,4,284
1615,52,8,7,20,20,0.8,0.4,4,287
1616,52,8,8,20,20,0.8,0.4,4,285
1617,52,8,9,20,20,0.8,0.4,4,293
1618,52,8,10,20,20,0.8,0.4,4,297
1619,52,8,11,20,20,0.8,0.4,4,298
1620,52,8,12,20,20,0.8,0.4,4,296
1621,52,8,13,20,20,0.8,0.4,4,295
1622,52,8,14,20,20,0.8,0.4,4,295
1623,52,8,15,20,20,0.8,0.4,4,296
1624,52,8,16,20,20,0.8,0.4,4,304
1625,52,8,17,20,20,0.8,0.4,4,305
1626,52,8,18,20,20,0.8,0.4,4,304
1627,52,8,19,20,20,0.8,0.4,4,307
1628,52,8,20,20,20,0.8,0.4,4,309
1629,52,8,21,20,20,0.8,0.4,4,311
1630,52,8,22,20,20,0.8,0.4,4,314
1631,52,8,23,20,20,0.8,0.4,4,316
1632,52,8,24,20,20,0.8,0.4,4,316
1633,52,8,25,20,20,0.8,0.4,4,318
1634,52,8,26,20,20,0.8,0.4,4,319
1635,52,8,27,20,20,0.8,0.4,4,319
1636,52,8,28,20,20,0.8,0.4,4,319
1637,52,8,29,20,20,0.8,0.4,4,319
1638,52,8,30,20,20,0.8,0.4,4,319
1639,52,8,31,20,20,0.8,0.4,4,319
1640,52,8,32,20,20,0.8,0.4,4,319
1641,52,8,33,20,20,0.8,0.4,4,319
1642,52,8,34,20,20,0.8,0.4,4,319
1643,52,8,35,20,20,0.8,0.4,4,319
1644,52,8,36,20,20,0.8,0.4,4,319
1645,52,8,37,20,20,0.8,0.4,4,319
1646,52,8,38,20,20,0.8,0.4,4,319
1647,52,8,39,20,20,0.8,0.4,4,319
1648,52,8,40,20,20,0.8,0.4,4,319
1649,52,8,41,20,20,0.8,0.4,4,319
1650,52,8,42,20,20,0.8,0.4,4,319
1651,52,8,43,20,20,0.8,0.4,4,319
1652,52,8,44,20,20,0.8,0.4,4,319
1653,52,8,45,20,20,0.8,0.4,4,319
1654,52,8,46,20,20,0.8,0.4,4,319
1655,52,8,47,20,20,0.8,0.4,4,319
1656,52,8,48,20,20,0.8,0.4,4,319
1657,52,8,49,20,20,0.8,0.4,4,319
1658,52,8,50,20,20,0.8,0.4,4,319
1659,52,8,51,20,20,0.8,0.4,4,319
1660,52,8,52,20,20,0.8,0.4,4,319
1661,52,8,53,20,20,0.8,0.4,4,319
1662,52,8,54,20,20,0.8,0.4,4,319
1663,52,8,55,20,20,0.8,0.4,4,319
1664,52,8,56,20,20,0.8,0.4,4,319
1665,52,8,57,20,20,0.8,0.4,4,319
1666,52,8,58,20,20,0.8,0.4,4,319
1667,52,8,59,20,20,0.8,0.4,4,319
1668,52,8,60,20,20,0.8,0.4,4,319
1669,52,8,61,20,20,0.8,0.4,4,319
1670,52,8,62,20,20,0.8,0.4,4,319
1671,52,8,63,20,20,0.8,0.4,4,319
1672,52,8,64,20,20,0.8,0.4,4,319
1673,52,8,65,20,20,0.8,0.4,4,319
1674,52,8,66,20,20,0.8,0.4,4,319
1675,52,8,67,20,20,0.8,0.4,4,319
1676,52,8,68,20,20,0.8,0.4,4,319
1677,52,8,69,20,20,0.8,0.4,4,319
1678,52,8,70,20,20,0.8,0.4,4,319
1679,52,8,71,20,20,0.8,0.4,4,319
1680,52,8,72,20,20,0.8,0.4,4,319
1681,52,8,73,20,20,0.8,0.4,4,319
1682,52,8,74,20,20,0.8,0.4,4,319
1683,52,8,75,20,20,0.8,0.4,4,319
1684,52,8,76,20,20,0.8,0.4,4,319
1685,52,8,77,20,20,0.8,0.4,4,319
1686,52,8,78,20,20,0.8,0.4,4,319
1687,52,8,79,20,20,0.8,0.4,4,319
1688,52,8,80,20,20,0.8,0.4,4,319
1689,52,8,81,20,20,0.8,0.4,4,319
1690,52,8,82,20,20,0.8,0.4,4,319
1691,52,8,83,20,20,0.8,0.4,4,319
1692,52,8,84,20,20,0.8,0.4,4,319
1693,52,8,85,20,20,0.8,0.4,4,319
1694,52,8,86,20,20,0.8,0.4,4,319
1695,52,8,87,20,20,0.8,0.4,4,319
1696,53,8,0,20,20,0.8,0.4,5,0
1697,53,8,1,20,20,0.8,0.4,5,120
1698,53,8,2,20,20,0.8,0.4,5,185
1699,53,8,3,20,20,0.8,0.4,5,221
1700,53,8,4,20,20,0.8,0.4,5,235
1701,53,8,5,20,20,0.8,0.4,5,245
1702,53,8,6,20,20,0.8,0.4,5,248
1703,53,8,7,20,20,0.8,0.4,5,261
1704,53,8,8,20,20,0.8,0.4,5,271
1705,53,8,9,20,20,0.8,0.4,5,259
1706,53,8,10,20,20,0.8,0.4,5,265
1707,53,8,11,20,20,0.8,0.4,5,262
1708,53,8,12,20,20,0.8,0.4,5,259
1709,53,8,13,20,20,0.8,0.4,5,257
1710,53,8,14,20,20,0.8,0.4,5,266
1711,53,8,15,20,20,0.8,0.4,5,268
1712,53,8,16,20,20,0.8,0.4,5,270
1713,53,8,17,20,20,0.8,0.4,5,275
1714,53,8,18,20,20,0.8,0.4,5,283
1715,53,8,19,20,20,0.8,0.4,5,281
1716,53,8,20,20,20,0.8,0.4,5,280
1717,53,8,21,20,20,0.8,0.4,5,271
1718,53,8,22,20,20,0.8,0.4,5,271
1719,53,8,23,20,20,0.8,0.4,5,278
1720,53,8,24,20,20,0.8,0.4,5,277
1721,53,8,25,20,20,0.8,0.4,5,271
1722,53,8,26,20,20,0.8,0.4,5,271
1723,53,8,27,20,20,0.8,0.4,5,267
1724,53,8,28,20,20,0.8,0.4,5,272
1725,53,8,29,20,20,0.8,0.4,5,273
1726,53,8,30,20,20,0.8,0.4,5,270
1727,53,8,31,20,20,0.8,0.4,5,270
1728,53,8,32,20,20,0.8,0.4,5,280
1729,53,8,33,20,20,0.8,0.4,5,274
1730,53,8,34,20,20,0.8,0.4,5,271
1731,53,8,35,20,20,0.8,0.4,5,274
1732,53,8,36,20,20,0.8,0.4,5,271
1733,53,8,37,20,20,0.8,0.4,5,269
1734,53,8,38,20,20,0.8,0.4,5,271
1735,53,8,39,20,20,0.8,0.4,5,273
1736,53,8,40,20,20,0.8,0.4,5,269
1737,53,8,41,20,20,0.8,0.4,5,262
1738,53,8,42,20,20,0.8,0.4,5,271
1739,53,8,43,20,20,0.8,0.4,5,269
1740,53,8,44,20,20,0.8,0.4,5,275
1741,53,8,45,20,20,0.8,0.4,5,283
1742,53,8,46,20,20,0.8,0.4,5,283
1743,53,8,47,20,20,0.8,0.4,5,284
1744,53,8,48,20,20,0.8,0.4,5,282
1745,53,8,49,20,20,0.8,0.4,5,281
1746,53,8,50,20,20,0.8,0.4,5,277
1747,53,8,51,20,20,0.8,0.4,5,278
1748,53,8,52,20,20,0.8,0.4,5,283
1749,53,8,53,20,20,0.8,0.4,5,282
1750,53,8,54,20,20,0.8,0.4,5,286
1751,53,8,55,20,20,0.8,0.4,5,279
1752,53,8,56,20,20,0.8,0.4,5,280
1753,53,8,57,20,20,0.8,0.4,5,281
1754,53,8,58,20,20,0.8,0.4,5,285
1755,53,8,59,20,20,0.8,0.4,5,295
1756,53,8,60,20,20,0.8,0.4,5,285
1757,53,8,61,20,20,0.8,0.4,5,291
1758,53,8,62,20,20,0.8,0.4,5,287
1759,53,8,63,20,20,0.8,0.4,5,285
1760,53,8,64,20,20,0.8,0.4,5,292
1761,53,8,65,20,20,0.8,0.4,5,286
1762,53,8,66,20,20,0.8,0.4,5,288
1763,53,8,67,20,20,0.8,0.4,5,288
1764,53,8,68,20,20,0.8,0.4,5,291
1765,53,8,69,20,20,0.8,0.4,5,288
1766,53,8,70,20,20,0.8,0.4,5,289
1767,53,8,71,20,20,0.8,0.4,5,297
1768,53,8,72,20,20,0.8,0.4,5,292
1769,53,8,73,20,20,0.8,0.4,5,292
1770,53,8,74,20,20,0.8,0.4,5,289
1771,53,8,75,20,20,0.8,0.4,5,290
1772,53,8,76,20,20,0.8,0.4,5,287
1773,53,8,77,20,20,0.8,0.4,5,285
1774,53,8,78,20,20,0.8,0.4,5,293
1775,53,8,79,20,20,0.8,0.4,5,294
1776,53,8,80,20,20,0.8,0.4,5,289
1777,53,8,81,20,20,0.8,0.4,5,289
1778,53,8,82,20,20,0.8,0.4,5,289
1779,53,8,83,20,20,0.8,0.4,5,289
1780,53,8,84,20,20,0.8,0.4,5,286
1781,53,8,85,20,20,0.8,0.4,5,291
1782,53,8,86,20,20,0.8,0.4,5,290
1783,53,8,87,20,20,0.8,0.4,5,281
1784,53,8,88,20,20,0.8,0.4,5,282
1785,53,8,89,20,20,0.8,0.4,5,285
1786,53,8,90,20,20,0.8,0.4,5,285
1787,53,8,91,20,20,0.8,0.4,5,277
1788,53,8,92,20,20,0.8,0.4,5,273
1789,53,8,93,20,20,0.8,0.4,5,285
1790,53,8,94,20,20,0.8,0.4,5,283
1791,53,8,95,20,20,0.8,0.4,5,281
1792,53,8,96,20,20,0.8,0.4,5,285
1793,53,8,97,20,20,0.8,0.4,5,291
1794,53,8,98,20,20,0.8,0.4,5,293
1795,53,8,99,20,20,0.8,0.4,5,293
1796,53,8,100,20,20,0.8,0.4,5,292
1797,54,9,0,20,20,0.8,0.4,0,0
1798,55,9,0,20,20,0.8,0.4,1,0
1799,55,9,1,20,20,0.8,0.4,1,308
1800,55,9,2,20,20,0.8,0.4,1,317
1801,55,9,3,20,20,0.8,0.4,1,317
1802,56,9,0,20,20,0.8,0.4,2,0
1803,56,9,1,20,20,0.8,0.4,2,282
1804,56,9,2,20,20,0.8,0.4,2,312
1805,56,9,3,20,20,0.8,0.4,2,318
1806,56,9,4,20,20,0.8,0.4,2,319
1807,57,9,0,20,20,0.8,0.4,3,0
1808,57,9,1,20,20,0.8,0.4,3,226
1809,57,9,2,20,20,0.8,0.4,3,259
1810,57,9,3,20,20,0.8,0.4,3,285
1811,57,9,4,20,20,0.8,0.4,3,295
1812,57,9,5,20,20,0.8,0.4,3,301
1813,57,9,6,20,20,0.8,0.4,3,306
1814,57,9,7,20,20,0.8,0.4,3,310
1815,57,9,8,20,20,0.8,0.4,3,311
1816,57,9,9,20,20,0.8,0.4,3,311
1817,57,9,10,20,20,0.8,0.4,3,311
1818,58,9,0,20,20,0.8,0.4,4,0
1819,58,9,1,20,20,0.8,0.4,4,165
1820,58,9,2,20,20,0.8,0.4,4,232
1821,58,9,3,20,20,0.8,0.4,4,246
1822,58,9,4,20,20,0.8,0.4,4,259
1823,58,9,5,20,20,0.8,0.4,4,269
1824,58,9,6,20,20,0.8,0.4,4,285
1825,58,9,7,20,20,0.8,0.4,4,285
1826,58,9,8,20,20,0.8,0.4,4,292
1827,58,9,9,20,20,0.8,0.4,4,295
1828,58,9,10,20,20,0.8,0.4,4,304
1829,58,9,11,20,20,0.8,0.4,4,307
1830,58,9,12,20,20,0.8,0.4,4,310
1831,58,9,13,20,20,0.8,0.4,4,311
1832,58,9,14,20,20,0.8,0.4,4,312
1833,58,9,15,20,20,0.8,0.4,4,313
1834,58,9,16,20,20,0.8,0.4,4,312
1835,58,9,17,20,20,0.8,0.4,4,314
1836,58,9,18,20,20,0.8,0.4,4,314
1837,58,9,19,20,20,0.8,0.4,4,316
1838,58,9,20,20,20,0.8,0.4,4,318
1839,58,9,21,20,20,0.8,0.4,4,318
1840,58,9,22,20,20,0.8,0.4,4,318
1841,58,9,23,20,20,0.8,0.4,4,318
1842,58,9,24,20,20,0.8,0.4,4,318
1843,58,9,25,20,20,0.8,0.4,4,318
1844,58,9,26,20,20,0.8,0.4,4,318
1845,58,9,27,20,20,0.8,0.4,4,318
1846,58,9,28,20,20,0.8,0.4,4,318
1847,58,9,29,20,20,0.8,0.4,4,318
1848,58,9,30,20,20,0.8,0.4,4,318
1849,58,9,31,20,20,0.8,0.4,4,318
1850,58,9,32,20,20,0.8,0.4,4,318
1851,58,9,33,20,20,0.8,0.4,4,318
1852,58,9,34,20,20,0.8,0.4,4,318
1853,58,9,35,20,20,0.8,0.4,4,318
1854,58,9,36,20,20,0.8,0.4,4,318
1855,58,9,37,20,20,0.8,0.4,4,318
1856,58,9,38,20,20,0.8,0.4,4,318
1857,58,9,39,20,20,0.8,0.4,4,318
1858,59,9,0,20,20,0.8,0.4,5,0
1859,59,9,1,20,20,0.8,0.4,5,94
1860,59,9,2,20,20,0.8,0.4,5,130
1861,59,9,3,20,20,0.8,0.4,5,150
1862,59,9,4,20,20,0.8,0.4,5,168
1863,59,9,5,20,20,0.8,0.4,5,177
1864,59,9,6,20,20,0.8,0.4,5,187
1865,59,9,7,20,20,0.8,0.4,5,207
1866,59,9,8,20,20,0.8,0.4,5,214
1867,59,9,9,20,20,0.8,0.4,5,207
1868,59,9,10,20,20,0.8,0.4,5,198
1869,59,9,11,20,20,0.8,0.4,5,197
1870,59,9,12,20,20,0.8,0.4,5,196
1871,59,9,13,20,20,0.8,0.4,5,196
1872,59,9,14,20,20,0.8,0.4,5,203
1873,59,9,15,20,20,0.8,0.4,5,202
1874,59,9,16,20,20,0.8,0.4,5,207
1875,59,9,17,20,20,0.8,0.4,5,211
1876,59,9,18,20,20,0.8,0.4,5,213
1877,59,9,19,20,20,0.8,0.4,5,212
1878,59,9,20,20,20,0.8,0.4,5,208
1879,59,9,21,20,20,0.8,0.4,5,208
1880,59,9,22,20,20,0.8,0.4,5,216
1881,59,9,23,20,20,0.8,0.4,5,223
1882,59,9,24,20,20,0.8,0.4,5,214
1883,59,9,25,20,20,0.8,0.4,5,223
1884,59,9,26,20,20,0.8,0.4,5,226
1885,59,9,27,20,20,0.8,0.4,5,230
1886,59,9,28,20,20,0.8,0.4,5,227
1887,59,9,29,20,20,0.8,0.4,5,228
1888,59,9,30,20,20,0.8,0.4,5,227
1889,59,9,31,20,20,0.8,0.4,5,231
1890,59,9,32,20,20,0.8,0.4,5,216
1891,59,9,33,20,20,0.8,0.4,5,211
1892,59,9,34,20,20,0.8,0.4,5,215
1893,59,9,35,20,20,0.8,0.4,5,230
1894,59,9,36,20,20,0.8,0.4,5,235
1895,59,9,37,20,20,0.8,0.4,5,235
1896,59,9,38,20,20,0.8,0.4,5,230
1897,59,9,39,20,20,0.8,0.4,5,232
1898,59,9,40,20,20,0.8,0.4,5,226
1899,59,9,41,20,20,0.8,0.4,5,223
1900,59,9,42,20,20,0.8,0.4,5,218
1901,59,9,43,20,20,0.8,0.4,5,216
1902,59,9,44,20,20,0.8,0.4,5,217
1903,59,9,45,20,20,0.8,0.4,5,213
1904,59,9,46,20,20,0.8,0.4,5,212
1905,59,9,47,20,20,0.8,0.4,5,214
1906,59,9,48,20,20,0.8,0.4,5,221
1907,59,9,49,20,20,0.8,0.4,5,218
1908,59,9,50,20,20,0.8,0.4,5,221
1909,59,9,51,20,20,0.8,0.4,5,234
1910,59,9,52,20,20,0.8,0.4,5,233
1911,59,9,53,20,20,0.8,0.4,5,232
1912,59,9,54,20,20,0.8,0.4,5,234
1913,59,9,55,20,20,0.8,0.4,5,235
1914,59,9,56,20,20,0.8,0.4,5,239
1915,59,9,57,20,20,0.8,0.4,5,233
1916,59,9,58,20,20,0.8,0.4,5,237
1917,59,9,59,20,20,0.8,0.4,5,234
1918,59,9,60,20,20,0.8,0.4,5,234
1919,59,9,61,20,20,0.8,0.4,5,233
1920,59,9,62,20,20,0.8,0.4,5,234
1921,59,9,63,20,20,0.8,0.4,5,233
1922,59,9,64,20,20,0.8,0.4,5,234
1923,59,9,65,20,20,0.8,0.4,5,238
1924,59,9,66,20,20,0.8,0.4,5,231
1925,59,9,67,20,20,0.8,0.4,5,233
1926,59,9,68,20,20,0.8,0.4,5,241
1927,59,9,69,20,20,0.8,0.4,5,226
1928,59,9,70,20,20,0.8,0.4,5,226
1929,59,9,71,20,20,0.8,0.4,5,228
1930,59,9,72,20,20,0.8,0.4,5,227
1931,59,9,73,20,20,0.8,0.4,5,227
1932,59,9,74,20,20,0.8,0.4,5,224
1933,59,9,75,20,20,0.8,0.4,5,224
1934,59,9,76,20,20,0.8,0.4,5,223
1935,59,9,77,20,20,0.8,0.4,5,228
1936,59,9,78,20,20,0.8,0.4,5,233
1937,59,9,79,20,20,0.8,0.4,5,229
1938,59,9,80,20,20,0.8,0.4,5,234
1939,59,9,81,20,20,0.8,0.4,5,228
1940,59,9,82,20,20,0.8,0.4,5,235
1941,59,9,83,20,20,0.8,0.4,5,232
1942,59,9,84,20,20,0.8,0.4,5,233
1943,59,9,85,20,20,0.8,0.4,5,233
1944,59,9,86,20,20,0.8,0.4,5,232
1945,59,9,87,20,20,0.8,0.4,5,228
1946,59,9,88,20,20,0.8,0.4,5,234
1947,59,9,89,20,20,0.8,0.4,5,236
1948,59,9,90,20,20,0.8,0.4,5,225
1949,59,9,91,20,20,0.8,0.4,5,226
1950,59,9,92,20,20,0.8,0.4,5,229
1951,59,9,93,20,20,0.8,0.4,5,220
1952,59,9,94,20,20,0.8,0.4,5,219
1953,59,9,95,20,20,0.8,0.4,5,231
1954,59,9,96,20,20,0.8,0.4,5,227
1955,59,9,97,20,20,0.8,0.4,5,228
1956,59,9,98,20,20,0.8,0.4,5,220
1957,59,9,99,20,20,0.8,0.4,5,223
1958,59,9,100,20,20,0.8,0.4,5,220
