Step,AgentID,Similar_empty,Similar_no_empty,Agent type
0,0,0.0,0.0,1
0,1,0.0,0.0,1
0,2,0.0,0.0,1
0,3,0.0,0.0,1
0,4,0.0,0.0,1
0,5,0.0,0.0,1
0,6,0.0,0.0,1
0,7,0.0,0.0,1
0,8,0.0,0.0,1
0,9,0.0,0.0,1
0,10,0.0,0.0,1
0,11,0.0,0.0,1
0,12,0.0,0.0,1
0,13,0.0,0.0,1
0,14,0.0,0.0,1
0,15,0.0,0.0,1
0,16,0.0,0.0,1
0,17,0.0,0.0,1
0,18,0.0,0.0,1
0,19,0.0,0.0,1
0,20,0.0,0.0,1
0,21,0.0,0.0,1
0,22,0.0,0.0,1
0,23,0.0,0.0,1
0,24,0.0,0.0,1
0,25,0.0,0.0,1
0,26,0.0,0.0,1
0,27,0.0,0.0,1
0,28,0.0,0.0,1
0,29,0.0,0.0,1
0,30,0.0,0.0,1
0,31,0.0,0.0,1
0,32,0.0,0.0,1
0,33,0.0,0.0,1
0,34,0.0,0.0,1
0,35,0.0,0.0,1
0,36,0.0,0.0,1
0,37,0.0,0.0,1
0,38,0.0,0.0,1
0,39,0.0,0.0,1
0,40,0.0,0.0,1
0,41,0.0,0.0,1
0,42,0.0,0.0,1
0,43,0.0,0.0,1
0,44,0.0,0.0,1
0,45,0.0,0.0,1
0,46,0.0,0.0,1
0,47,0.0,0.0,1
0,48,0.0,0.0,1
0,49,0.0,0.0,1
0,50,0.0,0.0,1
0,51,0.0,0.0,1
0,52,0.0,0.0,1
0,53,0.0,0.0,1
0,54,0.0,0.0,1
0,55,0.0,0.0,1
0,56,0.0,0.0,1
0,57,0.0,0.0,1
0,58,0.0,0.0,1
0,59,0.0,0.0,1
0,60,0.0,0.0,1
0,61,0.0,0.0,1
0,62,0.0,0.0,1
0,63,0.0,0.0,1
0,64,0.0,0.0,1
0,65,0.0,0.0,1
0,66,0.0,0.0,1
0,67,0.0,0.0,1
0,68,0.0,0.0,1
0,69,0.0,0.0,1
0,70,0.0,0.0,1
0,71,0.0,0.0,1
0,72,0.0,0.0,1
0,73,0.0,0.0,1
0,74,0.0,0.0,1
0,75,0.0,0.0,1
0,76,0.0,0.0,1
0,77,0.0,0.0,1
0,78,0.0,0.0,1
0,79,0.0,0.0,1
0,80,0.0,0.0,1
0,81,0.0,0.0,1
0,82,0.0,0.0,1
0,83,0.0,0.0,1
0,84,0.0,0.0,1
0,85,0.0,0.0,1
0,86,0.0,0.0,1
0,87,0.0,0.0,1
0,88,0.0,0.0,1
0,89,0.0,0.0,1
0,90,0.0,0.0,1
0,91,0.0,0.0,1
0,92,0.0,0.0,1
0,93,0.0,0.0,1
0,94,0.0,0.0,1
0,95,0.0,0.0,1
0,96,0.0,0.0,1
0,97,0.0,0.0,1
0,98,0.0,0.0,1
0,99,0.0,0.0,1
0,100,0.0,0.0,1
0,101,0.0,0.0,1
0,102,0.0,0.0,1
0,103,0.0,0.0,1
0,104,0.0,0.0,1
0,105,0.0,0.0,1
0,106,0.0,0.0,1
0,107,0.0,0.0,1
0,108,0.0,0.0,1
0,109,0.0,0.0,1
0,110,0.0,0.0,1
0,111,0.0,0.0,1
0,112,0.0,0.0,1
0,113,0.0,0.0,1
0,114,0.0,0.0,1
0,115,0.0,0.0,1
0,116,0.0,0.0,1
0,117,0.0,0.0,1
0,118,0.0,0.0,1
0,119,0.0,0.0,1
0,120,0.0,0.0,1
0,121,0.0,0.0,1
0,122,0.0,0.0,0
0,123,0.0,0.0,0
0,124,0.0,0.0,0
0,125,0.0,0.0,0
0,126,0.0,0.0,0
0,127,0.0,0.0,0
0,128,0.0,0.0,0
0,129,0.0,0.0,0
0,130,0.0,0.0,0
0,131,0.0,0.0,0
0,132,0.0,0.0,0
0,133,0.0,0.0,0
0,134,0.0,0.0,0
0,135,0.0,0.0,0
0,136,0.0,0.0,0
0,137,0.0,0.0,0
0,138,0.0,0.0,0
0,139,0.0,0.0,0
0,140,0.0,0.0,0
0,141,0.0,0.0,0
0,142,0.0,0.0,0
0,143,0.0,0.0,0
0,144,0.0,0.0,0
0,145,0.0,0.0,0
0,146,0.0,0.0,0
0,147,0.0,0.0,0
0,148,0.0,0.0,0
0,149,0.0,0.0,0
0,150,0.0,0.0,0
0,151,0.0,0.0,0
0,152,0.0,0.0,0
0,153,0.0,0.0,0
0,154,0.0,0.0,0
0,155,0.0,0.0,0
0,156,0.0,0.0,0
0,157,0.0,0.0,0
0,158,0.0,0.0,0
0,159,0.0,0.0,0
0,160,0.0,0.0,0
0,161,0.0,0.0,0
0,162,0.0,0.0,0
0,163,0.0,0.0,0
0,164,0.0,0.0,0
0,165,0.0,0.0,0
0,166,0.0,0.0,0
0,167,0.0,0.0,0
0,168,0.0,0.0,0
0,169,0.0,0.0,0
0,170,0.0,0.0,0
0,171,0.0,0.0,0
0,172,0.0,0.0,0
0,173,0.0,0.0,0
0,174,0.0,0.0,0
0,175,0.0,0.0,0
0,176,0.0,0.0,0
0,177,0.0,0.0,0
0,178,0.0,0.0,0
0,179,0.0,0.0,0
0,180,0.0,0.0,0
0,181,0.0,0.0,0
0,182,0.0,0.0,0
0,183,0.0,0.0,0
0,184,0.0,0.0,0
0,185,0.0,0.0,0
0,186,0.0,0.0,0
0,187,0.0,0.0,0
0,188,0.0,0.0,0
0,189,0.0,0.0,0
0,190,0.0,0.0,0
0,191,0.0,0.0,0
0,192,0.0,0.0,0
0,193,0.0,0.0,0
0,194,0.0,0.0,0
0,195,0.0,0.0,0
0,196,0.0,0.0,0
0,197,0.0,0.0,0
0,198,0.0,0.0,0
0,199,0.0,0.0,0
0,200,0.0,0.0,0
0,201,0.0,0.0,0
0,202,0.0,0.0,0
0,203,0.0,0.0,0
0,204,0.0,0.0,0
0,205,0.0,0.0,0
0,206,0.0,0.0,0
0,207,0.0,0.0,0
0,208,0.0,0.0,0
0,209,0.0,0.0,0
0,210,0.0,0.0,0
0,211,0.0,0.0,0
0,212,0.0,0.0,0
0,213,0.0,0.0,0
0,214,0.0,0.0,0
0,215,0.0,0.0,0
0,216,0.0,0.0,0
0,217,0.0,0.0,0
0,218,0.0,0.0,0
0,219,0.0,0.0,0
0,220,0.0,0.0,0
0,221,0.0,0.0,0
0,222,0.0,0.0,0
0,223,0.0,0.0,0
0,224,0.0,0.0,0
0,225,0.0,0.0,0
0,226,0.0,0.0,0
0,227,0.0,0.0,0
0,228,0.0,0.0,0
0,229,0.0,0.0,0
0,230,0.0,0.0,0
0,231,0.0,0.0,0
0,232,0.0,0.0,0
0,233,0.0,0.0,0
0,234,0.0,0.0,0
0,235,0.0,0.0,0
0,236,0.0,0.0,0
0,237,0.0,0.0,0
0,238,0.0,0.0,0
0,239,0.0,0.0,0
0,240,0.0,0.0,0
0,241,0.0,0.0,0
0,242,0.0,0.0,0
0,243,0.0,0.0,0
0,244,0.0,0.0,0
0,245,0.0,0.0,0
0,246,0.0,0.0,0
0,247,0.0,0.0,0
0,248,0.0,0.0,0
0,249,0.0,0.0,0
0,250,0.0,0.0,0
0,251,0.0,0.0,0
0,252,0.0,0.0,0
0,253,0.0,0.0,0
0,254,0.0,0.0,0
0,255,0.0,0.0,0
0,256,0.0,0.0,0
0,257,0.0,0.0,0
0,258,0.0,0.0,0
0,259,0.0,0.0,0
0,260,0.0,0.0,0
0,261,0.0,0.0,0
0,262,0.0,0.0,0
0,263,0.0,0.0,0
0,264,0.0,0.0,0
0,265,0.0,0.0,0
0,266,0.0,0.0,0
0,267,0.0,0.0,0
0,268,0.0,0.0,0
0,269,0.0,0.0,0
0,270,0.0,0.0,0
0,271,0.0,0.0,0
0,272,0.0,0.0,0
0,273,0.0,0.0,0
0,274,0.0,0.0,0
0,275,0.0,0.0,0
0,276,0.0,0.0,0
0,277,0.0,0.0,0
0,278,0.0,0.0,0
0,279,0.0,0.0,0
0,280,0.0,0.0,0
0,281,0.0,0.0,0
0,282,0.0,0.0,0
0,283,0.0,0.0,0
0,284,0.0,0.0,0
0,285,0.0,0.0,0
0,286,0.0,0.0,0
0,287,0.0,0.0,0
0,288,0.0,0.0,0
0,289,0.0,0.0,0
0,290,0.0,0.0,0
0,291,0.0,0.0,0
0,292,0.0,0.0,0
0,293,0.0,0.0,0
0,294,0.0,0.0,0
0,295,0.0,0.0,0
0,296,0.0,0.0,0
0,297,0.0,0.0,0
0,298,0.0,0.0,0
0,299,0.0,0.0,0
0,300,0.0,0.0,0
0,301,0.0,0.0,0
0,302,0.0,0.0,0
0,303,0.0,0.0,0
0,304,0.0,0.0,0
0,305,0.0,0.0,0
0,306,0.0,0.0,0
0,307,0.0,0.0,0
0,308,0.0,0.0,0
0,309,0.0,0.0,0
0,310,0.0,0.0,0
0,311,0.0,0.0,0
0,312,0.0,0.0,0
0,313,0.0,0.0,0
0,314,0.0,0.0,0
0,315,0.0,0.0,0
0,316,0.0,0.0,0
0,317,0.0,0.0,0
0,318,0.0,0.0,0
0,319,0.0,0.0,0
0,320,0.0,0.0,0
0,321,0.0,0.0,0
0,322,0.0,0.0,0
0,323,0.0,0.0,0
0,324,0.0,0.0,0
0,325,0.0,0.0,0
0,326,0.0,0.0,0
0,327,0.0,0.0,0
0,328,0.0,0.0,0
0,329,0.0,0.0,0
0,330,0.0,0.0,0
0,331,0.0,0.0,0
0,332,0.0,0.0,0
0,333,0.0,0.0,0
0,334,0.0,0.0,0
0,335,0.0,0.0,0
0,336,0.0,0.0,0
0,337,0.0,0.0,0
0,338,0.0,0.0,0
0,339,0.0,0.0,0
0,340,0.0,0.0,0
0,341,0.0,0.0,0
0,342,0.0,0.0,0
0,343,0.0,0.0,0
0,344,0.0,0.0,0
0,345,0.0,0.0,0
0,346,0.0,0.0,0
0,347,0.0,0.0,0
0,348,0.0,0.0,0
0,349,0.0,0.0,0
1,0,62.5,62.5,1
1,1,37.5,37.5,1
1,2,37.5,42.9,1
1,3,50.0,66.7,1
1,4,0.0,0.0,1
1,5,25.0,28.6,1
1,6,25.0,40.0,1
1,7,37.5,37.5,1
1,8,50.0,50.0,1
1,9,25.0,25.0,1
1,10,25.0,28.6,1
1,11,25.0,28.6,1
1,12,12.5,14.3,1
1,13,25.0,25.0,1
1,14,50.0,57.1,1
1,15,62.5,62.5,1
1,16,25.0,25.0,1
1,17,37.5,37.5,1
1,18,37.5,37.5,1
1,19,12.5,16.7,1
1,20,37.5,42.9,1
1,21,50.0,50.0,1
1,22,50.0,66.7,1
1,23,12.5,16.7,1
1,24,50.0,50.0,1
1,25,75.0,75.0,1
1,26,25.0,25.0,1
1,27,12.5,14.3,1
1,28,37.5,37.5,1
1,29,25.0,28.6,1
1,30,37.5,37.5,1
1,31,50.0,50.0,1
1,32,37.5,42.9,1
1,33,37.5,37.5,1
1,34,62.5,71.4,1
1,35,37.5,50.0,1
1,36,62.5,62.5,1
1,37,37.5,37.5,1
1,38,50.0,50.0,1
1,39,37.5,37.5,1
1,40,25.0,28.6,1
1,41,12.5,12.5,1
1,42,37.5,42.9,1
1,43,50.0,50.0,1
1,44,37.5,37.5,1
1,45,25.0,33.3,1
1,46,37.5,50.0,1
1,47,12.5,25.0,1
1,48,25.0,25.0,1
1,49,25.0,50.0,1
1,50,37.5,42.9,1
1,51,50.0,57.1,1
1,52,12.5,12.5,1
1,53,0.0,0.0,1
1,54,50.0,57.1,1
1,55,75.0,75.0,1
1,56,50.0,100.0,1
1,57,0.0,0.0,1
1,58,50.0,50.0,1
1,59,37.5,37.5,1
1,60,25.0,40.0,1
1,61,12.5,14.3,1
1,62,37.5,37.5,1
1,63,12.5,16.7,1
1,64,12.5,14.3,1
1,65,37.5,42.9,1
1,66,12.5,20.0,1
1,67,25.0,33.3,1
1,68,37.5,37.5,1
1,69,12.5,12.5,1
1,70,50.0,50.0,1
1,71,37.5,37.5,1
1,72,12.5,12.5,1
1,73,12.5,12.5,1
1,74,37.5,42.9,1
1,75,12.5,12.5,1
1,76,12.5,14.3,1
1,77,37.5,42.9,1
1,78,62.5,71.4,1
1,79,37.5,37.5,1
1,80,37.5,37.5,1
1,81,0.0,0.0,1
1,82,37.5,42.9,1
1,83,25.0,28.6,1
1,84,50.0,50.0,1
1,85,0.0,0.0,1
1,86,12.5,14.3,1
1,87,25.0,40.0,1
1,88,37.5,60.0,1
1,89,25.0,25.0,1
1,90,50.0,50.0,1
1,91,37.5,37.5,1
1,92,37.5,42.9,1
1,93,37.5,37.5,1
1,94,37.5,37.5,1
1,95,50.0,57.1,1
1,96,37.5,37.5,1
1,97,12.5,20.0,1
1,98,25.0,25.0,1
1,99,50.0,66.7,1
1,100,50.0,50.0,1
1,101,25.0,50.0,1
1,102,37.5,37.5,1
1,103,50.0,50.0,1
1,104,25.0,25.0,1
1,105,25.0,28.6,1
1,106,12.5,12.5,1
1,107,50.0,66.7,1
1,108,25.0,25.0,1
1,109,12.5,12.5,1
1,110,25.0,28.6,1
1,111,50.0,50.0,1
1,112,0.0,0.0,1
1,113,25.0,28.6,1
1,114,50.0,66.7,1
1,115,25.0,33.3,1
1,116,0.0,0.0,1
1,117,25.0,28.6,1
1,118,25.0,25.0,1
1,119,12.5,14.3,1
1,120,25.0,28.6,1
1,121,25.0,28.6,1
1,122,62.5,100.0,0
1,123,87.5,100.0,0
1,124,75.0,85.7,0
1,125,62.5,71.4,0
1,126,50.0,50.0,0
1,127,75.0,75.0,0
1,128,50.0,80.0,0
1,129,50.0,57.1,0
1,130,62.5,62.5,0
1,131,75.0,75.0,0
1,132,50.0,50.0,0
1,133,62.5,62.5,0
1,134,62.5,71.4,0
1,135,37.5,60.0,0
1,136,75.0,100.0,0
1,137,62.5,62.5,0
1,138,62.5,62.5,0
1,139,62.5,62.5,0
1,140,50.0,50.0,0
1,141,75.0,85.7,0
1,142,50.0,57.1,0
1,143,50.0,50.0,0
1,144,12.5,20.0,0
1,145,50.0,57.1,0
1,146,62.5,71.4,0
1,147,62.5,71.4,0
1,148,62.5,71.4,0
1,149,37.5,50.0,0
1,150,50.0,57.1,0
1,151,75.0,85.7,0
1,152,25.0,40.0,0
1,153,75.0,85.7,0
1,154,37.5,42.9,0
1,155,75.0,85.7,0
1,156,75.0,85.7,0
1,157,87.5,100.0,0
1,158,62.5,83.3,0
1,159,50.0,57.1,0
1,160,62.5,71.4,0
1,161,75.0,85.7,0
1,162,50.0,66.7,0
1,163,62.5,62.5,0
1,164,62.5,83.3,0
1,165,62.5,71.4,0
1,166,75.0,75.0,0
1,167,87.5,87.5,0
1,168,50.0,66.7,0
1,169,62.5,62.5,0
1,170,37.5,42.9,0
1,171,50.0,50.0,0
1,172,37.5,50.0,0
1,173,75.0,100.0,0
1,174,62.5,62.5,0
1,175,87.5,100.0,0
1,176,50.0,50.0,0
1,177,75.0,100.0,0
1,178,62.5,62.5,0
1,179,62.5,71.4,0
1,180,62.5,71.4,0
1,181,37.5,50.0,0
1,182,62.5,62.5,0
1,183,62.5,71.4,0
1,184,37.5,42.9,0
1,185,25.0,25.0,0
1,186,25.0,40.0,0
1,187,62.5,71.4,0
1,188,25.0,40.0,0
1,189,75.0,85.7,0
1,190,37.5,60.0,0
1,191,62.5,71.4,0
1,192,62.5,71.4,0
1,193,62.5,71.4,0
1,194,25.0,25.0,0
1,195,62.5,83.3,0
1,196,75.0,75.0,0
1,197,50.0,50.0,0
1,198,37.5,50.0,0
1,199,62.5,83.3,0
1,200,62.5,71.4,0
1,201,62.5,71.4,0
1,202,50.0,66.7,0
1,203,75.0,75.0,0
1,204,50.0,57.1,0
1,205,25.0,33.3,0
1,206,62.5,62.5,0
1,207,50.0,66.7,0
1,208,62.5,62.5,0
1,209,75.0,75.0,0
1,210,62.5,83.3,0
1,211,37.5,42.9,0
1,212,50.0,66.7,0
1,213,62.5,83.3,0
1,214,62.5,71.4,0
1,215,87.5,87.5,0
1,216,50.0,50.0,0
1,217,62.5,100.0,0
1,218,37.5,50.0,0
1,219,62.5,62.5,0
1,220,50.0,57.1,0
1,221,50.0,100.0,0
1,222,50.0,50.0,0
1,223,62.5,62.5,0
1,224,0.0,0.0,0
1,225,62.5,83.3,0
1,226,50.0,66.7,0
1,227,75.0,100.0,0
1,228,87.5,100.0,0
1,229,62.5,83.3,0
1,230,75.0,75.0,0
1,231,37.5,37.5,0
1,232,75.0,100.0,0
1,233,50.0,57.1,0
1,234,62.5,62.5,0
1,235,75.0,75.0,0
1,236,50.0,66.7,0
1,237,62.5,83.3,0
1,238,62.5,62.5,0
1,239,87.5,100.0,0
1,240,62.5,62.5,0
1,241,75.0,85.7,0
1,242,37.5,37.5,0
1,243,87.5,87.5,0
1,244,62.5,62.5,0
1,245,50.0,80.0,0
1,246,75.0,100.0,0
1,247,37.5,37.5,0
1,248,37.5,37.5,0
1,249,62.5,71.4,0
1,250,62.5,71.4,0
1,251,75.0,75.0,0
1,252,62.5,83.3,0
1,253,75.0,85.7,0
1,254,37.5,42.9,0
1,255,37.5,50.0,0
1,256,25.0,40.0,0
1,257,62.5,71.4,0
1,258,50.0,50.0,0
1,259,62.5,83.3,0
1,260,62.5,83.3,0
1,261,37.5,60.0,0
1,262,75.0,75.0,0
1,263,75.0,75.0,0
1,264,75.0,75.0,0
1,265,50.0,57.1,0
1,266,50.0,80.0,0
1,267,37.5,42.9,0
1,268,62.5,71.4,0
1,269,87.5,87.5,0
1,270,87.5,87.5,0
1,271,75.0,75.0,0
1,272,50.0,80.0,0
1,273,50.0,50.0,0
1,274,62.5,83.3,0
1,275,50.0,50.0,0
1,276,62.5,71.4,0
1,277,50.0,57.1,0
1,278,62.5,62.5,0
1,279,50.0,57.1,0
1,280,62.5,71.4,0
1,281,100.0,100.0,0
1,282,87.5,100.0,0
1,283,62.5,71.4,0
1,284,75.0,85.7,0
1,285,75.0,85.7,0
1,286,50.0,57.1,0
1,287,62.5,71.4,0
1,288,62.5,83.3,0
1,289,62.5,83.3,0
1,290,50.0,66.7,0
1,291,75.0,75.0,0
1,292,50.0,50.0,0
1,293,50.0,50.0,0
1,294,75.0,75.0,0
1,295,62.5,71.4,0
1,296,50.0,57.1,0
1,297,50.0,66.7,0
1,298,12.5,14.3,0
1,299,50.0,57.1,0
1,300,37.5,42.9,0
1,301,75.0,85.7,0
1,302,50.0,66.7,0
1,303,25.0,40.0,0
1,304,37.5,60.0,0
1,305,37.5,42.9,0
1,306,37.5,42.9,0
1,307,87.5,87.5,0
1,308,50.0,50.0,0
1,309,50.0,57.1,0
1,310,50.0,50.0,0
1,311,75.0,100.0,0
1,312,62.5,62.5,0
1,313,62.5,62.5,0
1,314,37.5,42.9,0
1,315,37.5,37.5,0
1,316,37.5,50.0,0
1,317,50.0,66.7,0
1,318,50.0,50.0,0
1,319,87.5,100.0,0
1,320,62.5,62.5,0
1,321,75.0,100.0,0
1,322,37.5,50.0,0
1,323,50.0,80.0,0
1,324,75.0,100.0,0
1,325,50.0,50.0,0
1,326,50.0,66.7,0
1,327,50.0,50.0,0
1,328,75.0,75.0,0
1,329,50.0,50.0,0
1,330,62.5,83.3,0
1,331,62.5,83.3,0
1,332,37.5,50.0,0
1,333,62.5,71.4,0
1,334,50.0,50.0,0
1,335,62.5,83.3,0
1,336,87.5,87.5,0
1,337,62.5,71.4,0
1,338,50.0,57.1,0
1,339,75.0,75.0,0
1,340,12.5,20.0,0
1,341,50.0,66.7,0
1,342,50.0,57.1,0
1,343,37.5,60.0,0
1,344,62.5,62.5,0
1,345,37.5,37.5,0
1,346,75.0,75.0,0
1,347,62.5,71.4,0
1,348,62.5,71.4,0
1,349,62.5,71.4,0
2,0,50.0,66.7,1
2,1,37.5,37.5,1
2,2,37.5,42.9,1
2,3,75.0,85.7,1
2,4,37.5,37.5,1
2,5,50.0,50.0,1
2,6,50.0,50.0,1
2,7,37.5,37.5,1
2,8,37.5,42.9,1
2,9,12.5,14.3,1
2,10,12.5,14.3,1
2,11,37.5,37.5,1
2,12,25.0,25.0,1
2,13,25.0,28.6,1
2,14,75.0,75.0,1
2,15,87.5,100.0,1
2,16,37.5,42.9,1
2,17,37.5,37.5,1
2,18,25.0,28.6,1
2,19,62.5,83.3,1
2,20,62.5,62.5,1
2,21,50.0,57.1,1
2,22,62.5,71.4,1
2,23,0.0,0.0,1
2,24,50.0,50.0,1
2,25,75.0,75.0,1
2,26,87.5,87.5,1
2,27,0.0,0.0,1
2,28,25.0,33.3,1
2,29,25.0,33.3,1
2,30,50.0,57.1,1
2,31,50.0,50.0,1
2,32,50.0,57.1,1
2,33,37.5,37.5,1
2,34,75.0,75.0,1
2,35,37.5,50.0,1
2,36,62.5,71.4,1
2,37,37.5,37.5,1
2,38,37.5,42.9,1
2,39,37.5,37.5,1
2,40,0.0,0.0,1
2,41,0.0,0.0,1
2,42,50.0,50.0,1
2,43,50.0,50.0,1
2,44,37.5,37.5,1
2,45,37.5,42.9,1
2,46,62.5,71.4,1
2,47,37.5,37.5,1
2,48,12.5,16.7,1
2,49,12.5,12.5,1
2,50,50.0,50.0,1
2,51,12.5,33.3,1
2,52,0.0,0.0,1
2,53,62.5,100.0,1
2,54,75.0,85.7,1
2,55,75.0,75.0,1
2,56,87.5,100.0,1
2,57,75.0,75.0,1
2,58,62.5,62.5,1
2,59,37.5,42.9,1
2,60,62.5,83.3,1
2,61,100.0,100.0,1
2,62,25.0,28.6,1
2,63,12.5,14.3,1
2,64,0.0,0.0,1
2,65,25.0,33.3,1
2,66,25.0,25.0,1
2,67,25.0,33.3,1
2,68,25.0,28.6,1
2,69,37.5,42.9,1
2,70,50.0,50.0,1
2,71,37.5,37.5,1
2,72,12.5,12.5,1
2,73,75.0,75.0,1
2,74,37.5,42.9,1
2,75,37.5,50.0,1
2,76,25.0,33.3,1
2,77,50.0,50.0,1
2,78,75.0,75.0,1
2,79,25.0,28.6,1
2,80,25.0,28.6,1
2,81,25.0,50.0,1
2,82,50.0,50.0,1
2,83,37.5,50.0,1
2,84,25.0,28.6,1
2,85,62.5,71.4,1
2,86,62.5,62.5,1
2,87,50.0,50.0,1
2,88,62.5,62.5,1
2,89,75.0,75.0,1
2,90,37.5,42.9,1
2,91,25.0,28.6,1
2,92,12.5,20.0,1
2,93,37.5,37.5,1
2,94,37.5,37.5,1
2,95,50.0,57.1,1
2,96,12.5,16.7,1
2,97,50.0,66.7,1
2,98,37.5,60.0,1
2,99,87.5,87.5,1
2,100,50.0,50.0,1
2,101,37.5,37.5,1
2,102,25.0,28.6,1
2,103,50.0,57.1,1
2,104,0.0,0.0,1
2,105,12.5,12.5,1
2,106,50.0,50.0,1
2,107,75.0,75.0,1
2,108,12.5,14.3,1
2,109,37.5,37.5,1
2,110,12.5,16.7,1
2,111,37.5,37.5,1
2,112,12.5,14.3,1
2,113,0.0,0.0,1
2,114,50.0,66.7,1
2,115,12.5,16.7,1
2,116,37.5,37.5,1
2,117,75.0,100.0,1
2,118,25.0,28.6,1
2,119,12.5,20.0,1
2,120,62.5,83.3,1
2,121,25.0,25.0,1
2,122,50.0,66.7,0
2,123,87.5,100.0,0
2,124,75.0,85.7,0
2,125,62.5,71.4,0
2,126,50.0,57.1,0
2,127,75.0,75.0,0
2,128,50.0,100.0,0
2,129,50.0,50.0,0
2,130,62.5,71.4,0
2,131,75.0,75.0,0
2,132,50.0,57.1,0
2,133,62.5,71.4,0
2,134,62.5,71.4,0
2,135,37.5,50.0,0
2,136,87.5,100.0,0
2,137,62.5,100.0,0
2,138,62.5,71.4,0
2,139,62.5,83.3,0
2,140,37.5,37.5,0
2,141,75.0,75.0,0
2,142,50.0,50.0,0
2,143,62.5,71.4,0
2,144,75.0,100.0,0
2,145,62.5,62.5,0
2,146,62.5,83.3,0
2,147,62.5,83.3,0
2,148,62.5,71.4,0
2,149,50.0,50.0,0
2,150,50.0,57.1,0
2,151,75.0,100.0,0
2,152,50.0,66.7,0
2,153,75.0,85.7,0
2,154,37.5,50.0,0
2,155,87.5,87.5,0
2,156,75.0,75.0,0
2,157,87.5,87.5,0
2,158,75.0,75.0,0
2,159,50.0,57.1,0
2,160,62.5,71.4,0
2,161,75.0,85.7,0
2,162,75.0,100.0,0
2,163,62.5,71.4,0
2,164,62.5,62.5,0
2,165,62.5,71.4,0
2,166,75.0,85.7,0
2,167,87.5,100.0,0
2,168,50.0,50.0,0
2,169,62.5,62.5,0
2,170,25.0,28.6,0
2,171,50.0,50.0,0
2,172,37.5,50.0,0
2,173,87.5,87.5,0
2,174,62.5,62.5,0
2,175,87.5,87.5,0
2,176,50.0,57.1,0
2,177,75.0,100.0,0
2,178,62.5,62.5,0
2,179,62.5,71.4,0
2,180,62.5,71.4,0
2,181,37.5,42.9,0
2,182,50.0,50.0,0
2,183,62.5,100.0,0
2,184,37.5,42.9,0
2,185,75.0,85.7,0
2,186,62.5,83.3,0
2,187,75.0,75.0,0
2,188,75.0,85.7,0
2,189,75.0,85.7,0
2,190,37.5,50.0,0
2,191,50.0,57.1,0
2,192,62.5,71.4,0
2,193,62.5,71.4,0
2,194,25.0,33.3,0
2,195,62.5,83.3,0
2,196,75.0,75.0,0
2,197,50.0,57.1,0
2,198,37.5,50.0,0
2,199,62.5,83.3,0
2,200,62.5,71.4,0
2,201,62.5,71.4,0
2,202,50.0,50.0,0
2,203,75.0,85.7,0
2,204,50.0,57.1,0
2,205,12.5,16.7,0
2,206,62.5,71.4,0
2,207,50.0,57.1,0
2,208,62.5,62.5,0
2,209,75.0,75.0,0
2,210,62.5,71.4,0
2,211,37.5,60.0,0
2,212,50.0,57.1,0
2,213,62.5,71.4,0
2,214,62.5,71.4,0
2,215,87.5,87.5,0
2,216,50.0,66.7,0
2,217,62.5,83.3,0
2,218,37.5,75.0,0
2,219,62.5,83.3,0
2,220,62.5,71.4,0
2,221,62.5,83.3,0
2,222,50.0,57.1,0
2,223,62.5,62.5,0
2,224,25.0,33.3,0
2,225,75.0,100.0,0
2,226,62.5,71.4,0
2,227,75.0,100.0,0
2,228,87.5,100.0,0
2,229,62.5,83.3,0
2,230,75.0,75.0,0
2,231,37.5,42.9,0
2,232,75.0,100.0,0
2,233,50.0,50.0,0
2,234,62.5,83.3,0
2,235,75.0,75.0,0
2,236,50.0,80.0,0
2,237,75.0,85.7,0
2,238,62.5,62.5,0
2,239,87.5,87.5,0
2,240,62.5,83.3,0
2,241,75.0,75.0,0
2,242,37.5,37.5,0
2,243,87.5,100.0,0
2,244,62.5,71.4,0
2,245,62.5,62.5,0
2,246,75.0,100.0,0
2,247,37.5,42.9,0
2,248,37.5,37.5,0
2,249,62.5,100.0,0
2,250,62.5,71.4,0
2,251,75.0,75.0,0
2,252,62.5,71.4,0
2,253,75.0,85.7,0
2,254,50.0,57.1,0
2,255,37.5,60.0,0
2,256,62.5,71.4,0
2,257,62.5,71.4,0
2,258,50.0,50.0,0
2,259,75.0,75.0,0
2,260,75.0,85.7,0
2,261,62.5,71.4,0
2,262,75.0,85.7,0
2,263,62.5,71.4,0
2,264,75.0,85.7,0
2,265,50.0,66.7,0
2,266,62.5,71.4,0
2,267,37.5,50.0,0
2,268,62.5,83.3,0
2,269,87.5,87.5,0
2,270,87.5,87.5,0
2,271,75.0,85.7,0
2,272,50.0,100.0,0
2,273,75.0,75.0,0
2,274,62.5,71.4,0
2,275,50.0,50.0,0
2,276,62.5,83.3,0
2,277,50.0,50.0,0
2,278,75.0,75.0,0
2,279,50.0,66.7,0
2,280,62.5,100.0,0
2,281,100.0,100.0,0
2,282,87.5,87.5,0
2,283,62.5,71.4,0
2,284,75.0,75.0,0
2,285,75.0,75.0,0
2,286,50.0,57.1,0
2,287,62.5,71.4,0
2,288,62.5,83.3,0
2,289,62.5,71.4,0
2,290,50.0,57.1,0
2,291,75.0,85.7,0
2,292,50.0,50.0,0
2,293,50.0,57.1,0
2,294,75.0,100.0,0
2,295,62.5,83.3,0
2,296,50.0,57.1,0
2,297,50.0,66.7,0
2,298,37.5,42.9,0
2,299,50.0,80.0,0
2,300,37.5,37.5,0
2,301,87.5,87.5,0
2,302,50.0,57.1,0
2,303,75.0,85.7,0
2,304,37.5,42.9,0
2,305,12.5,14.3,0
2,306,37.5,42.9,0
2,307,87.5,87.5,0
2,308,50.0,66.7,0
2,309,50.0,50.0,0
2,310,50.0,66.7,0
2,311,75.0,100.0,0
2,312,62.5,71.4,0
2,313,62.5,71.4,0
2,314,37.5,50.0,0
2,315,37.5,37.5,0
2,316,50.0,50.0,0
2,317,37.5,50.0,0
2,318,50.0,66.7,0
2,319,87.5,100.0,0
2,320,62.5,100.0,0
2,321,75.0,85.7,0
2,322,37.5,50.0,0
2,323,50.0,50.0,0
2,324,75.0,85.7,0
2,325,50.0,50.0,0
2,326,50.0,80.0,0
2,327,50.0,57.1,0
2,328,75.0,75.0,0
2,329,50.0,50.0,0
2,330,62.5,71.4,0
2,331,62.5,83.3,0
2,332,37.5,50.0,0
2,333,62.5,71.4,0
2,334,50.0,50.0,0
2,335,62.5,71.4,0
2,336,87.5,87.5,0
2,337,62.5,71.4,0
2,338,50.0,50.0,0
2,339,75.0,75.0,0
2,340,75.0,85.7,0
2,341,50.0,50.0,0
2,342,50.0,50.0,0
2,343,37.5,60.0,0
2,344,62.5,83.3,0
2,345,37.5,37.5,0
2,346,87.5,87.5,0
2,347,50.0,50.0,0
2,348,62.5,71.4,0
2,349,62.5,83.3,0
3,0,50.0,66.7,1
3,1,37.5,37.5,1
3,2,37.5,42.9,1
3,3,75.0,85.7,1
3,4,50.0,50.0,1
3,5,50.0,50.0,1
3,6,50.0,50.0,1
3,7,37.5,37.5,1
3,8,50.0,50.0,1
3,9,0.0,0.0,1
3,10,0.0,0.0,1
3,11,37.5,37.5,1
3,12,62.5,62.5,1
3,13,25.0,28.6,1
3,14,75.0,75.0,1
3,15,87.5,100.0,1
3,16,37.5,42.9,1
3,17,25.0,28.6,1
3,18,50.0,66.7,1
3,19,75.0,100.0,1
3,20,50.0,57.1,1
3,21,37.5,50.0,1
3,22,62.5,71.4,1
3,23,25.0,33.3,1
3,24,50.0,57.1,1
3,25,75.0,75.0,1
3,26,87.5,87.5,1
3,27,37.5,37.5,1
3,28,12.5,14.3,1
3,29,37.5,42.9,1
3,30,50.0,57.1,1
3,31,50.0,50.0,1
3,32,50.0,57.1,1
3,33,37.5,37.5,1
3,34,75.0,75.0,1
3,35,50.0,57.1,1
3,36,62.5,83.3,1
3,37,37.5,37.5,1
3,38,25.0,33.3,1
3,39,12.5,16.7,1
3,40,62.5,62.5,1
3,41,0.0,0.0,1
3,42,50.0,50.0,1
3,43,50.0,50.0,1
3,44,37.5,37.5,1
3,45,37.5,42.9,1
3,46,75.0,75.0,1
3,47,25.0,28.6,1
3,48,12.5,14.3,1
3,49,12.5,14.3,1
3,50,50.0,50.0,1
3,51,0.0,0.0,1
3,52,25.0,28.6,1
3,53,87.5,100.0,1
3,54,87.5,87.5,1
3,55,75.0,75.0,1
3,56,87.5,100.0,1
3,57,62.5,71.4,1
3,58,62.5,62.5,1
3,59,50.0,50.0,1
3,60,75.0,100.0,1
3,61,100.0,100.0,1
3,62,37.5,37.5,1
3,63,12.5,12.5,1
3,64,12.5,14.3,1
3,65,12.5,12.5,1
3,66,75.0,85.7,1
3,67,50.0,57.1,1
3,68,75.0,85.7,1
3,69,37.5,42.9,1
3,70,37.5,42.9,1
3,71,37.5,37.5,1
3,72,0.0,0.0,1
3,73,75.0,75.0,1
3,74,50.0,50.0,1
3,75,50.0,57.1,1
3,76,87.5,87.5,1
3,77,50.0,57.1,1
3,78,62.5,71.4,1
3,79,75.0,85.7,1
3,80,25.0,28.6,1
3,81,37.5,37.5,1
3,82,50.0,50.0,1
3,83,50.0,57.1,1
3,84,12.5,12.5,1
3,85,50.0,66.7,1
3,86,62.5,62.5,1
3,87,50.0,50.0,1
3,88,62.5,62.5,1
3,89,75.0,75.0,1
3,90,37.5,42.9,1
3,91,12.5,14.3,1
3,92,50.0,50.0,1
3,93,37.5,37.5,1
3,94,37.5,37.5,1
3,95,50.0,57.1,1
3,96,50.0,80.0,1
3,97,87.5,100.0,1
3,98,62.5,71.4,1
3,99,87.5,87.5,1
3,100,50.0,50.0,1
3,101,37.5,37.5,1
3,102,12.5,16.7,1
3,103,50.0,57.1,1
3,104,0.0,0.0,1
3,105,0.0,0.0,1
3,106,50.0,50.0,1
3,107,75.0,75.0,1
3,108,12.5,12.5,1
3,109,12.5,16.7,1
3,110,25.0,25.0,1
3,111,37.5,37.5,1
3,112,37.5,60.0,1
3,113,50.0,66.7,1
3,114,75.0,75.0,1
3,115,12.5,12.5,1
3,116,25.0,28.6,1
3,117,87.5,100.0,1
3,118,12.5,14.3,1
3,119,12.5,12.5,1
3,120,87.5,100.0,1
3,121,37.5,42.9,1
3,122,50.0,57.1,0
3,123,87.5,100.0,0
3,124,75.0,85.7,0
3,125,62.5,100.0,0
3,126,50.0,50.0,0
3,127,75.0,75.0,0
3,128,50.0,57.1,0
3,129,50.0,80.0,0
3,130,62.5,83.3,0
3,131,75.0,75.0,0
3,132,50.0,57.1,0
3,133,62.5,83.3,0
3,134,62.5,71.4,0
3,135,37.5,42.9,0
3,136,87.5,87.5,0
3,137,62.5,71.4,0
3,138,62.5,83.3,0
3,139,62.5,83.3,0
3,140,37.5,37.5,0
3,141,75.0,75.0,0
3,142,50.0,80.0,0
3,143,62.5,62.5,0
3,144,75.0,85.7,0
3,145,62.5,62.5,0
3,146,62.5,100.0,0
3,147,62.5,100.0,0
3,148,62.5,83.3,0
3,149,50.0,50.0,0
3,150,50.0,50.0,0
3,151,75.0,85.7,0
3,152,50.0,57.1,0
3,153,75.0,75.0,0
3,154,37.5,50.0,0
3,155,87.5,87.5,0
3,156,75.0,75.0,0
3,157,87.5,100.0,0
3,158,75.0,75.0,0
3,159,50.0,57.1,0
3,160,62.5,83.3,0
3,161,75.0,75.0,0
3,162,75.0,100.0,0
3,163,62.5,83.3,0
3,164,62.5,71.4,0
3,165,62.5,71.4,0
3,166,75.0,75.0,0
3,167,87.5,87.5,0
3,168,50.0,80.0,0
3,169,62.5,83.3,0
3,170,75.0,100.0,0
3,171,62.5,71.4,0
3,172,37.5,100.0,0
3,173,87.5,87.5,0
3,174,62.5,62.5,0
3,175,87.5,100.0,0
3,176,50.0,80.0,0
3,177,75.0,85.7,0
3,178,62.5,62.5,0
3,179,62.5,83.3,0
3,180,62.5,62.5,0
3,181,50.0,57.1,0
3,182,50.0,57.1,0
3,183,62.5,62.5,0
3,184,37.5,37.5,0
3,185,75.0,100.0,0
3,186,62.5,100.0,0
3,187,75.0,75.0,0
3,188,75.0,85.7,0
3,189,75.0,85.7,0
3,190,50.0,57.1,0
3,191,50.0,50.0,0
3,192,62.5,71.4,0
3,193,62.5,71.4,0
3,194,62.5,83.3,0
3,195,75.0,85.7,0
3,196,75.0,75.0,0
3,197,50.0,66.7,0
3,198,37.5,42.9,0
3,199,62.5,83.3,0
3,200,62.5,62.5,0
3,201,62.5,62.5,0
3,202,50.0,80.0,0
3,203,75.0,85.7,0
3,204,62.5,83.3,0
3,205,37.5,37.5,0
3,206,62.5,100.0,0
3,207,50.0,50.0,0
3,208,62.5,62.5,0
3,209,75.0,75.0,0
3,210,62.5,71.4,0
3,211,37.5,75.0,0
3,212,50.0,57.1,0
3,213,62.5,71.4,0
3,214,62.5,62.5,0
3,215,87.5,87.5,0
3,216,50.0,80.0,0
3,217,62.5,83.3,0
3,218,50.0,80.0,0
3,219,62.5,83.3,0
3,220,62.5,83.3,0
3,221,62.5,71.4,0
3,222,50.0,50.0,0
3,223,62.5,71.4,0
3,224,50.0,66.7,0
3,225,75.0,100.0,0
3,226,62.5,62.5,0
3,227,75.0,75.0,0
3,228,87.5,100.0,0
3,229,62.5,83.3,0
3,230,75.0,75.0,0
3,231,37.5,50.0,0
3,232,87.5,87.5,0
3,233,50.0,50.0,0
3,234,62.5,83.3,0
3,235,75.0,75.0,0
3,236,50.0,80.0,0
3,237,75.0,100.0,0
3,238,62.5,62.5,0
3,239,87.5,100.0,0
3,240,62.5,71.4,0
3,241,75.0,100.0,0
3,242,37.5,42.9,0
3,243,87.5,100.0,0
3,244,62.5,71.4,0
3,245,62.5,62.5,0
3,246,75.0,85.7,0
3,247,37.5,37.5,0
3,248,37.5,37.5,0
3,249,62.5,71.4,0
3,250,62.5,83.3,0
3,251,75.0,85.7,0
3,252,62.5,71.4,0
3,253,75.0,100.0,0
3,254,50.0,57.1,0
3,255,37.5,42.9,0
3,256,62.5,83.3,0
3,257,62.5,62.5,0
3,258,50.0,50.0,0
3,259,75.0,100.0,0
3,260,75.0,85.7,0
3,261,62.5,100.0,0
3,262,75.0,85.7,0
3,263,62.5,71.4,0
3,264,75.0,100.0,0
3,265,50.0,57.1,0
3,266,62.5,71.4,0
3,267,37.5,60.0,0
3,268,62.5,71.4,0
3,269,87.5,87.5,0
3,270,87.5,87.5,0
3,271,75.0,85.7,0
3,272,50.0,66.7,0
3,273,75.0,100.0,0
3,274,62.5,62.5,0
3,275,37.5,42.9,0
3,276,62.5,71.4,0
3,277,50.0,50.0,0
3,278,75.0,75.0,0
3,279,62.5,71.4,0
3,280,62.5,71.4,0
3,281,100.0,100.0,0
3,282,87.5,87.5,0
3,283,62.5,71.4,0
3,284,75.0,85.7,0
3,285,75.0,85.7,0
3,286,50.0,57.1,0
3,287,62.5,100.0,0
3,288,62.5,71.4,0
3,289,62.5,71.4,0
3,290,50.0,57.1,0
3,291,75.0,85.7,0
3,292,50.0,50.0,0
3,293,50.0,50.0,0
3,294,75.0,100.0,0
3,295,75.0,85.7,0
3,296,50.0,50.0,0
3,297,50.0,66.7,0
3,298,37.5,42.9,0
3,299,50.0,80.0,0
3,300,37.5,37.5,0
3,301,87.5,87.5,0
3,302,50.0,50.0,0
3,303,75.0,75.0,0
3,304,37.5,60.0,0
3,305,87.5,87.5,0
3,306,37.5,50.0,0
3,307,87.5,87.5,0
3,308,50.0,57.1,0
3,309,50.0,57.1,0
3,310,50.0,66.7,0
3,311,75.0,85.7,0
3,312,62.5,62.5,0
3,313,62.5,71.4,0
3,314,37.5,50.0,0
3,315,37.5,42.9,0
3,316,50.0,57.1,0
3,317,37.5,42.9,0
3,318,50.0,57.1,0
3,319,87.5,87.5,0
3,320,62.5,83.3,0
3,321,75.0,85.7,0
3,322,37.5,60.0,0
3,323,37.5,42.9,0
3,324,75.0,75.0,0
3,325,50.0,50.0,0
3,326,37.5,50.0,0
3,327,50.0,57.1,0
3,328,75.0,100.0,0
3,329,50.0,57.1,0
3,330,62.5,83.3,0
3,331,62.5,83.3,0
3,332,37.5,42.9,0
3,333,62.5,71.4,0
3,334,50.0,57.1,0
3,335,62.5,71.4,0
3,336,87.5,87.5,0
3,337,62.5,83.3,0
3,338,50.0,50.0,0
3,339,75.0,75.0,0
3,340,75.0,75.0,0
3,341,50.0,50.0,0
3,342,50.0,66.7,0
3,343,50.0,50.0,0
3,344,62.5,83.3,0
3,345,37.5,50.0,0
3,346,87.5,87.5,0
3,347,50.0,50.0,0
3,348,62.5,62.5,0
3,349,62.5,83.3,0
4,0,75.0,75.0,1
4,1,37.5,37.5,1
4,2,25.0,33.3,1
4,3,87.5,87.5,1
4,4,50.0,50.0,1
4,5,50.0,50.0,1
4,6,50.0,50.0,1
4,7,37.5,37.5,1
4,8,37.5,42.9,1
4,9,12.5,16.7,1
4,10,12.5,12.5,1
4,11,37.5,37.5,1
4,12,62.5,62.5,1
4,13,25.0,28.6,1
4,14,75.0,75.0,1
4,15,100.0,100.0,1
4,16,50.0,50.0,1
4,17,0.0,0.0,1
4,18,62.5,71.4,1
4,19,87.5,100.0,1
4,20,62.5,62.5,1
4,21,62.5,62.5,1
4,22,75.0,75.0,1
4,23,50.0,50.0,1
4,24,50.0,57.1,1
4,25,75.0,75.0,1
4,26,87.5,87.5,1
4,27,37.5,37.5,1
4,28,87.5,87.5,1
4,29,37.5,42.9,1
4,30,62.5,62.5,1
4,31,50.0,50.0,1
4,32,62.5,62.5,1
4,33,37.5,37.5,1
4,34,75.0,75.0,1
4,35,62.5,62.5,1
4,36,75.0,85.7,1
4,37,37.5,37.5,1
4,38,12.5,12.5,1
4,39,0.0,0.0,1
4,40,62.5,62.5,1
4,41,25.0,25.0,1
4,42,37.5,42.9,1
4,43,50.0,50.0,1
4,44,37.5,37.5,1
4,45,50.0,50.0,1
4,46,75.0,75.0,1
4,47,0.0,0.0,1
4,48,0.0,0.0,1
4,49,37.5,37.5,1
4,50,37.5,42.9,1
4,51,0.0,0.0,1
4,52,25.0,28.6,1
4,53,100.0,100.0,1
4,54,87.5,87.5,1
4,55,75.0,75.0,1
4,56,87.5,100.0,1
4,57,62.5,71.4,1
4,58,62.5,62.5,1
4,59,50.0,50.0,1
4,60,100.0,100.0,1
4,61,100.0,100.0,1
4,62,25.0,28.6,1
4,63,12.5,16.7,1
4,64,12.5,16.7,1
4,65,37.5,37.5,1
4,66,87.5,87.5,1
4,67,37.5,50.0,1
4,68,75.0,85.7,1
4,69,37.5,42.9,1
4,70,37.5,42.9,1
4,71,37.5,37.5,1
4,72,12.5,14.3,1
4,73,75.0,75.0,1
4,74,50.0,50.0,1
4,75,37.5,50.0,1
4,76,87.5,87.5,1
4,77,50.0,57.1,1
4,78,50.0,66.7,1
4,79,87.5,87.5,1
4,80,0.0,0.0,1
4,81,12.5,16.7,1
4,82,25.0,33.3,1
4,83,62.5,62.5,1
4,84,0.0,0.0,1
4,85,75.0,75.0,1
4,86,62.5,62.5,1
4,87,37.5,42.9,1
4,88,62.5,62.5,1
4,89,75.0,75.0,1
4,90,37.5,42.9,1
4,91,12.5,14.3,1
4,92,50.0,50.0,1
4,93,37.5,37.5,1
4,94,37.5,37.5,1
4,95,62.5,62.5,1
4,96,62.5,83.3,1
4,97,87.5,100.0,1
4,98,75.0,75.0,1
4,99,87.5,87.5,1
4,100,50.0,50.0,1
4,101,37.5,37.5,1
4,102,75.0,85.7,1
4,103,50.0,57.1,1
4,104,0.0,0.0,1
4,105,12.5,14.3,1
4,106,50.0,50.0,1
4,107,75.0,75.0,1
4,108,75.0,85.7,1
4,109,0.0,0.0,1
4,110,12.5,16.7,1
4,111,37.5,37.5,1
4,112,50.0,66.7,1
4,113,50.0,66.7,1
4,114,62.5,71.4,1
4,115,25.0,28.6,1
4,116,50.0,50.0,1
4,117,100.0,100.0,1
4,118,12.5,12.5,1
4,119,62.5,62.5,1
4,120,87.5,100.0,1
4,121,37.5,42.9,1
4,122,50.0,57.1,0
4,123,87.5,87.5,0
4,124,75.0,100.0,0
4,125,62.5,83.3,0
4,126,50.0,57.1,0
4,127,75.0,75.0,0
4,128,50.0,80.0,0
4,129,50.0,100.0,0
4,130,62.5,71.4,0
4,131,75.0,85.7,0
4,132,50.0,80.0,0
4,133,62.5,100.0,0
4,134,62.5,100.0,0
4,135,37.5,37.5,0
4,136,87.5,87.5,0
4,137,62.5,100.0,0
4,138,62.5,83.3,0
4,139,62.5,71.4,0
4,140,37.5,42.9,0
4,141,75.0,85.7,0
4,142,50.0,100.0,0
4,143,62.5,62.5,0
4,144,75.0,85.7,0
4,145,62.5,71.4,0
4,146,62.5,71.4,0
4,147,62.5,71.4,0
4,148,62.5,100.0,0
4,149,50.0,50.0,0
4,150,50.0,57.1,0
4,151,75.0,75.0,0
4,152,50.0,66.7,0
4,153,75.0,100.0,0
4,154,37.5,60.0,0
4,155,87.5,87.5,0
4,156,75.0,75.0,0
4,157,87.5,100.0,0
4,158,75.0,75.0,0
4,159,50.0,50.0,0
4,160,62.5,83.3,0
4,161,75.0,85.7,0
4,162,75.0,100.0,0
4,163,62.5,83.3,0
4,164,62.5,71.4,0
4,165,62.5,62.5,0
4,166,75.0,85.7,0
4,167,87.5,100.0,0
4,168,50.0,80.0,0
4,169,62.5,83.3,0
4,170,75.0,85.7,0
4,171,62.5,83.3,0
4,172,37.5,50.0,0
4,173,87.5,87.5,0
4,174,62.5,62.5,0
4,175,87.5,87.5,0
4,176,50.0,66.7,0
4,177,75.0,85.7,0
4,178,62.5,71.4,0
4,179,62.5,83.3,0
4,180,62.5,62.5,0
4,181,50.0,80.0,0
4,182,50.0,57.1,0
4,183,62.5,71.4,0
4,184,37.5,37.5,0
4,185,75.0,75.0,0
4,186,62.5,71.4,0
4,187,75.0,75.0,0
4,188,75.0,85.7,0
4,189,75.0,100.0,0
4,190,50.0,57.1,0
4,191,50.0,50.0,0
4,192,62.5,71.4,0
4,193,62.5,71.4,0
4,194,62.5,71.4,0
4,195,75.0,85.7,0
4,196,75.0,75.0,0
4,197,50.0,66.7,0
4,198,37.5,50.0,0
4,199,62.5,83.3,0
4,200,62.5,71.4,0
4,201,62.5,71.4,0
4,202,50.0,57.1,0
4,203,75.0,100.0,0
4,204,62.5,83.3,0
4,205,37.5,37.5,0
4,206,62.5,100.0,0
4,207,50.0,66.7,0
4,208,62.5,62.5,0
4,209,75.0,75.0,0
4,210,62.5,71.4,0
4,211,37.5,60.0,0
4,212,50.0,66.7,0
4,213,62.5,71.4,0
4,214,62.5,71.4,0
4,215,87.5,87.5,0
4,216,50.0,66.7,0
4,217,62.5,71.4,0
4,218,50.0,80.0,0
4,219,62.5,83.3,0
4,220,62.5,71.4,0
4,221,62.5,71.4,0
4,222,50.0,66.7,0
4,223,62.5,83.3,0
4,224,50.0,80.0,0
4,225,75.0,85.7,0
4,226,62.5,83.3,0
4,227,75.0,85.7,0
4,228,87.5,87.5,0
4,229,62.5,71.4,0
4,230,75.0,75.0,0
4,231,37.5,50.0,0
4,232,87.5,100.0,0
4,233,50.0,57.1,0
4,234,62.5,71.4,0
4,235,75.0,75.0,0
4,236,50.0,66.7,0
4,237,75.0,85.7,0
4,238,62.5,62.5,0
4,239,87.5,87.5,0
4,240,62.5,83.3,0
4,241,75.0,75.0,0
4,242,37.5,42.9,0
4,243,87.5,100.0,0
4,244,62.5,100.0,0
4,245,62.5,62.5,0
4,246,75.0,85.7,0
4,247,37.5,42.9,0
4,248,37.5,37.5,0
4,249,62.5,83.3,0
4,250,62.5,83.3,0
4,251,75.0,100.0,0
4,252,62.5,83.3,0
4,253,75.0,85.7,0
4,254,50.0,57.1,0
4,255,37.5,50.0,0
4,256,62.5,62.5,0
4,257,62.5,62.5,0
4,258,50.0,50.0,0
4,259,75.0,85.7,0
4,260,75.0,85.7,0
4,261,62.5,71.4,0
4,262,75.0,85.7,0
4,263,62.5,62.5,0
4,264,75.0,85.7,0
4,265,50.0,80.0,0
4,266,62.5,83.3,0
4,267,37.5,42.9,0
4,268,62.5,62.5,0
4,269,87.5,100.0,0
4,270,87.5,87.5,0
4,271,75.0,85.7,0
4,272,50.0,57.1,0
4,273,75.0,100.0,0
4,274,62.5,83.3,0
4,275,37.5,37.5,0
4,276,62.5,71.4,0
4,277,50.0,57.1,0
4,278,75.0,75.0,0
4,279,62.5,62.5,0
4,280,62.5,71.4,0
4,281,100.0,100.0,0
4,282,87.5,100.0,0
4,283,62.5,62.5,0
4,284,75.0,85.7,0
4,285,75.0,75.0,0
4,286,50.0,66.7,0
4,287,62.5,100.0,0
4,288,62.5,62.5,0
4,289,62.5,83.3,0
4,290,50.0,57.1,0
4,291,75.0,100.0,0
4,292,50.0,57.1,0
4,293,50.0,66.7,0
4,294,75.0,75.0,0
4,295,75.0,85.7,0
4,296,50.0,66.7,0
4,297,50.0,80.0,0
4,298,37.5,37.5,0
4,299,50.0,80.0,0
4,300,37.5,42.9,0
4,301,87.5,87.5,0
4,302,50.0,50.0,0
4,303,75.0,85.7,0
4,304,37.5,50.0,0
4,305,87.5,87.5,0
4,306,37.5,60.0,0
4,307,87.5,100.0,0
4,308,50.0,57.1,0
4,309,50.0,66.7,0
4,310,50.0,80.0,0
4,311,75.0,85.7,0
4,312,62.5,83.3,0
4,313,62.5,100.0,0
4,314,37.5,37.5,0
4,315,37.5,50.0,0
4,316,50.0,80.0,0
4,317,37.5,37.5,0
4,318,50.0,66.7,0
4,319,87.5,100.0,0
4,320,62.5,71.4,0
4,321,75.0,85.7,0
4,322,37.5,50.0,0
4,323,37.5,42.9,0
4,324,75.0,85.7,0
4,325,50.0,57.1,0
4,326,37.5,42.9,0
4,327,50.0,57.1,0
4,328,75.0,85.7,0
4,329,50.0,57.1,0
4,330,62.5,83.3,0
4,331,62.5,83.3,0
4,332,37.5,50.0,0
4,333,62.5,71.4,0
4,334,50.0,57.1,0
4,335,62.5,83.3,0
4,336,87.5,100.0,0
4,337,62.5,100.0,0
4,338,50.0,57.1,0
4,339,75.0,75.0,0
4,340,75.0,75.0,0
4,341,50.0,50.0,0
4,342,50.0,66.7,0
4,343,50.0,50.0,0
4,344,62.5,83.3,0
4,345,37.5,60.0,0
4,346,87.5,87.5,0
4,347,50.0,50.0,0
4,348,62.5,62.5,0
4,349,62.5,83.3,0
5,0,75.0,75.0,1
5,1,37.5,37.5,1
5,2,37.5,37.5,1
5,3,87.5,87.5,1
5,4,50.0,50.0,1
5,5,50.0,50.0,1
5,6,50.0,50.0,1
5,7,37.5,37.5,1
5,8,50.0,50.0,1
5,9,0.0,0.0,1
5,10,0.0,0.0,1
5,11,37.5,37.5,1
5,12,62.5,62.5,1
5,13,12.5,16.7,1
5,14,75.0,75.0,1
5,15,100.0,100.0,1
5,16,37.5,42.9,1
5,17,25.0,28.6,1
5,18,62.5,71.4,1
5,19,100.0,100.0,1
5,20,50.0,57.1,1
5,21,50.0,57.1,1
5,22,75.0,75.0,1
5,23,50.0,50.0,1
5,24,50.0,57.1,1
5,25,75.0,75.0,1
5,26,87.5,87.5,1
5,27,37.5,37.5,1
5,28,87.5,87.5,1
5,29,37.5,42.9,1
5,30,62.5,62.5,1
5,31,50.0,50.0,1
5,32,62.5,62.5,1
5,33,37.5,37.5,1
5,34,75.0,75.0,1
5,35,62.5,62.5,1
5,36,75.0,85.7,1
5,37,37.5,37.5,1
5,38,25.0,33.3,1
5,39,0.0,0.0,1
5,40,62.5,62.5,1
5,41,0.0,0.0,1
5,42,37.5,42.9,1
5,43,50.0,50.0,1
5,44,37.5,37.5,1
5,45,50.0,50.0,1
5,46,75.0,75.0,1
5,47,12.5,16.7,1
5,48,12.5,14.3,1
5,49,37.5,37.5,1
5,50,37.5,42.9,1
5,51,37.5,37.5,1
5,52,0.0,0.0,1
5,53,100.0,100.0,1
5,54,87.5,87.5,1
5,55,75.0,75.0,1
5,56,100.0,100.0,1
5,57,62.5,71.4,1
5,58,62.5,62.5,1
5,59,50.0,50.0,1
5,60,100.0,100.0,1
5,61,100.0,100.0,1
5,62,37.5,42.9,1
5,63,0.0,0.0,1
5,64,25.0,28.6,1
5,65,37.5,37.5,1
5,66,87.5,87.5,1
5,67,50.0,57.1,1
5,68,75.0,85.7,1
5,69,37.5,42.9,1
5,70,37.5,42.9,1
5,71,37.5,37.5,1
5,72,0.0,0.0,1
5,73,75.0,75.0,1
5,74,50.0,50.0,1
5,75,37.5,50.0,1
5,76,87.5,87.5,1
5,77,62.5,62.5,1
5,78,62.5,71.4,1
5,79,87.5,87.5,1
5,80,0.0,0.0,1
5,81,25.0,28.6,1
5,82,0.0,0.0,1
5,83,62.5,62.5,1
5,84,25.0,25.0,1
5,85,75.0,75.0,1
5,86,62.5,62.5,1
5,87,37.5,42.9,1
5,88,62.5,62.5,1
5,89,75.0,75.0,1
5,90,50.0,50.0,1
5,91,0.0,0.0,1
5,92,50.0,50.0,1
5,93,37.5,37.5,1
5,94,37.5,37.5,1
5,95,62.5,62.5,1
5,96,75.0,85.7,1
5,97,87.5,100.0,1
5,98,75.0,75.0,1
5,99,87.5,87.5,1
5,100,50.0,50.0,1
5,101,37.5,37.5,1
5,102,75.0,85.7,1
5,103,62.5,62.5,1
5,104,0.0,0.0,1
5,105,0.0,0.0,1
5,106,37.5,42.9,1
5,107,75.0,75.0,1
5,108,75.0,85.7,1
5,109,25.0,28.6,1
5,110,12.5,16.7,1
5,111,37.5,37.5,1
5,112,50.0,66.7,1
5,113,50.0,66.7,1
5,114,75.0,75.0,1
5,115,0.0,0.0,1
5,116,50.0,50.0,1
5,117,100.0,100.0,1
5,118,62.5,71.4,1
5,119,62.5,62.5,1
5,120,87.5,100.0,1
5,121,37.5,42.9,1
5,122,50.0,66.7,0
5,123,87.5,100.0,0
5,124,75.0,100.0,0
5,125,62.5,100.0,0
5,126,50.0,50.0,0
5,127,75.0,75.0,0
5,128,50.0,50.0,0
5,129,50.0,80.0,0
5,130,62.5,100.0,0
5,131,75.0,85.7,0
5,132,50.0,80.0,0
5,133,62.5,71.4,0
5,134,62.5,71.4,0
5,135,37.5,50.0,0
5,136,87.5,100.0,0
5,137,62.5,71.4,0
5,138,62.5,83.3,0
5,139,62.5,71.4,0
5,140,37.5,42.9,0
5,141,75.0,100.0,0
5,142,50.0,80.0,0
5,143,62.5,71.4,0
5,144,75.0,100.0,0
5,145,62.5,71.4,0
5,146,62.5,71.4,0
5,147,62.5,71.4,0
5,148,62.5,100.0,0
5,149,50.0,50.0,0
5,150,50.0,57.1,0
5,151,75.0,75.0,0
5,152,50.0,57.1,0
5,153,75.0,100.0,0
5,154,37.5,37.5,0
5,155,87.5,87.5,0
5,156,75.0,100.0,0
5,157,87.5,100.0,0
5,158,75.0,75.0,0
5,159,50.0,57.1,0
5,160,62.5,83.3,0
5,161,75.0,85.7,0
5,162,75.0,85.7,0
5,163,62.5,100.0,0
5,164,62.5,71.4,0
5,165,62.5,62.5,0
5,166,75.0,85.7,0
5,167,87.5,100.0,0
5,168,50.0,100.0,0
5,169,62.5,83.3,0
5,170,75.0,75.0,0
5,171,62.5,83.3,0
5,172,37.5,60.0,0
5,173,87.5,100.0,0
5,174,62.5,62.5,0
5,175,87.5,87.5,0
5,176,50.0,57.1,0
5,177,75.0,85.7,0
5,178,62.5,71.4,0
5,179,62.5,100.0,0
5,180,62.5,62.5,0
5,181,50.0,100.0,0
5,182,50.0,57.1,0
5,183,62.5,83.3,0
5,184,37.5,37.5,0
5,185,75.0,85.7,0
5,186,62.5,83.3,0
5,187,75.0,75.0,0
5,188,75.0,100.0,0
5,189,75.0,85.7,0
5,190,50.0,57.1,0
5,191,50.0,50.0,0
5,192,62.5,71.4,0
5,193,62.5,62.5,0
5,194,62.5,100.0,0
5,195,75.0,85.7,0
5,196,75.0,75.0,0
5,197,50.0,80.0,0
5,198,37.5,42.9,0
5,199,62.5,100.0,0
5,200,62.5,71.4,0
5,201,62.5,71.4,0
5,202,50.0,50.0,0
5,203,75.0,85.7,0
5,204,62.5,71.4,0
5,205,37.5,37.5,0
5,206,62.5,100.0,0
5,207,50.0,66.7,0
5,208,62.5,62.5,0
5,209,75.0,75.0,0
5,210,62.5,71.4,0
5,211,37.5,60.0,0
5,212,50.0,57.1,0
5,213,62.5,83.3,0
5,214,62.5,71.4,0
5,215,87.5,100.0,0
5,216,50.0,80.0,0
5,217,62.5,83.3,0
5,218,50.0,66.7,0
5,219,62.5,83.3,0
5,220,62.5,100.0,0
5,221,62.5,71.4,0
5,222,50.0,57.1,0
5,223,62.5,83.3,0
5,224,50.0,80.0,0
5,225,75.0,85.7,0
5,226,62.5,83.3,0
5,227,75.0,100.0,0
5,228,87.5,100.0,0
5,229,62.5,71.4,0
5,230,75.0,75.0,0
5,231,37.5,42.9,0
5,232,87.5,100.0,0
5,233,50.0,57.1,0
5,234,62.5,71.4,0
5,235,75.0,75.0,0
5,236,50.0,66.7,0
5,237,75.0,85.7,0
5,238,62.5,62.5,0
5,239,87.5,87.5,0
5,240,62.5,71.4,0
5,241,75.0,85.7,0
5,242,37.5,37.5,0
5,243,87.5,100.0,0
5,244,62.5,83.3,0
5,245,62.5,62.5,0
5,246,75.0,100.0,0
5,247,37.5,37.5,0
5,248,37.5,37.5,0
5,249,62.5,83.3,0
5,250,62.5,100.0,0
5,251,75.0,100.0,0
5,252,62.5,83.3,0
5,253,75.0,100.0,0
5,254,50.0,66.7,0
5,255,37.5,42.9,0
5,256,62.5,62.5,0
5,257,62.5,71.4,0
5,258,50.0,50.0,0
5,259,75.0,100.0,0
5,260,75.0,100.0,0
5,261,62.5,83.3,0
5,262,75.0,85.7,0
5,263,62.5,62.5,0
5,264,75.0,75.0,0
5,265,50.0,80.0,0
5,266,62.5,83.3,0
5,267,37.5,50.0,0
5,268,62.5,62.5,0
5,269,87.5,100.0,0
5,270,87.5,87.5,0
5,271,75.0,85.7,0
5,272,50.0,57.1,0
5,273,75.0,75.0,0
5,274,62.5,83.3,0
5,275,37.5,37.5,0
5,276,62.5,71.4,0
5,277,50.0,57.1,0
5,278,75.0,85.7,0
5,279,62.5,62.5,0
5,280,62.5,71.4,0
5,281,100.0,100.0,0
5,282,87.5,100.0,0
5,283,62.5,62.5,0
5,284,75.0,85.7,0
5,285,75.0,75.0,0
5,286,50.0,66.7,0
5,287,62.5,83.3,0
5,288,62.5,71.4,0
5,289,62.5,100.0,0
5,290,50.0,57.1,0
5,291,75.0,100.0,0
5,292,50.0,57.1,0
5,293,50.0,66.7,0
5,294,75.0,85.7,0
5,295,75.0,85.7,0
5,296,50.0,66.7,0
5,297,50.0,80.0,0
5,298,37.5,42.9,0
5,299,50.0,57.1,0
5,300,37.5,42.9,0
5,301,87.5,87.5,0
5,302,50.0,50.0,0
5,303,75.0,85.7,0
5,304,37.5,50.0,0
5,305,87.5,87.5,0
5,306,37.5,60.0,0
5,307,87.5,100.0,0
5,308,50.0,57.1,0
5,309,50.0,66.7,0
5,310,50.0,66.7,0
5,311,75.0,100.0,0
5,312,62.5,83.3,0
5,313,62.5,71.4,0
5,314,37.5,37.5,0
5,315,37.5,42.9,0
5,316,50.0,66.7,0
5,317,37.5,37.5,0
5,318,50.0,66.7,0
5,319,87.5,100.0,0
5,320,62.5,71.4,0
5,321,75.0,85.7,0
5,322,37.5,42.9,0
5,323,37.5,42.9,0
5,324,75.0,85.7,0
5,325,50.0,50.0,0
5,326,37.5,42.9,0
5,327,50.0,57.1,0
5,328,75.0,100.0,0
5,329,50.0,50.0,0
5,330,62.5,100.0,0
5,331,62.5,83.3,0
5,332,37.5,50.0,0
5,333,62.5,71.4,0
5,334,50.0,66.7,0
5,335,62.5,83.3,0
5,336,87.5,87.5,0
5,337,62.5,100.0,0
5,338,50.0,57.1,0
5,339,75.0,75.0,0
5,340,75.0,85.7,0
5,341,50.0,50.0,0
5,342,50.0,80.0,0
5,343,50.0,50.0,0
5,344,62.5,71.4,0
5,345,37.5,50.0,0
5,346,87.5,100.0,0
5,347,50.0,50.0,0
5,348,62.5,62.5,0
5,349,62.5,100.0,0
