,Pct Happy,Pct Happy Group A,Pct Happy Group B,Avg pct similar neighbors,Avg pct similar neighbors (A),Avg pct similar neighbors (B),Avg pct similar neighbors (count empty),Avg pct similar neighbors (A) (count empty),Avg pct similar neighbors (B) (count empty),Num Agents,Num Agents (A),Num Agents (B),Pct group B,Intolerance
0,0.0,0.0,0.0,0.0,0.0,0.0,0.0,0.0,0.0,350,262,88,0.25,0.25
1,89.4,100.0,58.0,0.0,0.0,0.0,0.0,0.0,0.0,350,262,88,0.25,0.25
2,92.6,100.0,70.5,61.1,73.9,24.3,54.0,64.8,22.0,350,262,88,0.25,0.25
3,92.9,100.0,71.6,63.6,75.6,30.2,55.5,64.8,27.7,350,262,88,0.25,0.25
4,94.6,100.0,78.4,63.8,75.6,31.0,55.6,64.8,28.4,350,262,88,0.25,0.25
5,95.7,100.0,83.0,63.4,74.8,32.0,56.1,64.8,30.1,350,262,88,0.25,0.25
6,95.1,100.0,80.7,64.8,75.9,35.1,56.9,64.8,33.2,350,262,88,0.25,0.25
7,96.3,100.0,85.2,65.2,76.2,35.3,56.8,64.8,33.1,350,262,88,0.25,0.25
8,96.6,100.0,86.4,65.1,76.2,35.2,56.9,64.8,33.2,350,262,88,0.25,0.25
9,97.4,100.0,89.8,65.6,76.6,36.5,57.2,64.8,34.8,350,262,88,0.25,0.25
10,97.1,100.0,88.6,65.5,76.2,37.3,57.5,64.8,35.8,350,262,88,0.25,0.25
11,97.1,100.0,88.6,65.5,76.2,37.1,57.4,64.8,35.4,350,262,88,0.25,0.25
12,97.1,100.0,88.6,65.5,76.1,37.3,57.4,64.8,35.5,350,262,88,0.25,0.25
13,97.4,100.0,89.8,65.7,76.4,37.4,57.5,64.8,35.8,350,262,88,0.25,0.25
14,97.4,100.0,89.8,65.7,76.3,37.6,57.5,64.8,35.8,350,262,88,0.25,0.25
15,98.0,100.0,92.0,65.6,76.3,37.4,57.5,64.8,35.8,350,262,88,0.25,0.25
16,98.0,100.0,92.0,65.7,76.4,37.5,57.5,64.8,35.9,350,262,88,0.25,0.25
17,98.6,100.0,94.3,65.8,76.3,38.0,57.6,64.8,36.4,350,262,88,0.25,0.25
18,98.3,100.0,93.2,66.0,76.4,38.7,57.9,64.8,37.2,350,262,88,0.25,0.25
19,98.9,100.0,95.5,66.3,76.9,38.6,57.8,64.8,37.1,350,262,88,0.25,0.25
20,99.1,100.0,96.6,66.2,76.7,39.0,58.0,64.8,37.6,350,262,88,0.25,0.25
21,98.9,100.0,95.5,66.4,76.7,39.7,58.1,64.8,38.4,350,262,88,0.25,0.25
22,98.9,100.0,95.5,66.5,76.9,39.6,58.1,64.8,38.4,350,262,88,0.25,0.25
23,98.9,100.0,95.5,66.1,76.4,39.3,58.1,64.8,38.1,350,262,88,0.25,0.25
24,98.9,100.0,95.5,66.2,76.6,39.1,58.0,64.8,37.8,350,262,88,0.25,0.25
25,98.9,100.0,95.5,66.1,76.4,39.4,58.1,64.8,38.1,350,262,88,0.25,0.25
26,98.9,100.0,95.5,66.2,76.6,39.2,58.1,64.8,38.1,350,262,88,0.25,0.25
27,98.9,100.0,95.5,66.3,76.7,39.4,58.1,64.8,38.1,350,262,88,0.25,0.25
28,99.1,100.0,96.6,66.3,76.7,39.1,58.0,64.8,37.6,350,262,88,0.25,0.25
29,98.9,100.0,95.5,66.3,76.6,39.8,58.2,64.8,38.6,350,262,88,0.25,0.25
30,99.1,100.0,96.6,66.3,76.6,39.4,58.1,64.8,38.1,350,262,88,0.25,0.25
31,99.1,100.0,96.6,66.2,76.6,39.2,58.0,64.8,37.9,350,262,88,0.25,0.25
32,98.9,100.0,95.5,66.4,76.7,39.7,58.2,64.8,38.5,350,262,88,0.25,0.25
33,98.9,100.0,95.5,66.2,76.7,39.0,58.0,64.8,37.6,350,262,88,0.25,0.25
34,98.9,100.0,95.5,66.6,77.0,39.3,58.0,64.8,37.8,350,262,88,0.25,0.25
35,98.9,100.0,95.5,66.3,76.7,39.1,58.0,64.8,37.6,350,262,88,0.25,0.25
36,98.9,100.0,95.5,66.4,76.8,39.4,58.1,64.8,38.2,350,262,88,0.25,0.25
37,98.9,100.0,95.5,66.5,76.9,39.6,58.1,64.8,38.2,350,262,88,0.25,0.25
38,98.9,100.0,95.5,66.4,76.8,39.4,58.1,64.8,38.4,350,262,88,0.25,0.25
39,99.1,100.0,96.6,66.4,76.8,39.5,58.1,64.8,38.4,350,262,88,0.25,0.25
40,99.1,100.0,96.6,66.3,76.6,39.5,58.1,64.8,38.4,350,262,88,0.25,0.25
41,99.1,100.0,96.6,66.5,76.8,39.7,58.2,64.8,38.5,350,262,88,0.25,0.25
42,99.1,100.0,96.6,66.5,76.8,39.8,58.2,64.8,38.6,350,262,88,0.25,0.25
43,99.1,100.0,96.6,66.3,76.6,39.4,58.1,64.8,38.1,350,262,88,0.25,0.25
44,99.1,100.0,96.6,66.4,76.7,39.6,58.1,64.8,38.4,350,262,88,0.25,0.25
45,99.1,100.0,96.6,66.3,76.6,39.4,58.1,64.8,38.2,350,262,88,0.25,0.25
46,99.1,100.0,96.6,66.4,76.8,39.8,58.2,64.8,38.6,350,262,88,0.25,0.25
47,99.1,100.0,96.6,66.4,76.9,39.7,58.2,64.8,38.8,350,262,88,0.25,0.25
48,99.1,100.0,96.6,66.4,76.6,39.7,58.2,64.8,38.5,350,262,88,0.25,0.25
49,99.1,100.0,96.6,66.4,76.7,39.7,58.2,64.8,38.6,350,262,88,0.25,0.25
50,99.1,100.0,96.6,66.4,76.8,39.4,58.1,64.8,38.2,350,262,88,0.25,0.25
51,99.1,100.0,96.6,66.4,76.7,39.5,58.1,64.8,38.1,350,262,88,0.25,0.25
52,99.1,100.0,96.6,66.4,76.8,39.7,58.2,64.8,38.5,350,262,88,0.25,0.25
53,99.1,100.0,96.6,66.2,76.6,39.4,58.1,64.8,38.4,350,262,88,0.25,0.25
54,99.1,100.0,96.6,66.5,76.9,39.5,58.1,64.8,38.4,350,262,88,0.25,0.25
55,99.1,100.0,96.6,66.2,76.6,39.4,58.1,64.8,38.1,350,262,88,0.25,0.25
56,99.4,100.0,97.7,66.4,76.8,39.4,58.1,64.8,38.2,350,262,88,0.25,0.25
57,99.1,100.0,96.6,66.5,76.8,39.8,58.2,64.8,38.6,350,262,88,0.25,0.25
58,99.1,100.0,96.6,66.4,76.6,39.7,58.1,64.8,38.4,350,262,88,0.25,0.25
59,99.1,100.0,96.6,66.2,76.5,39.6,58.2,64.8,38.5,350,262,88,0.25,0.25
60,99.1,100.0,96.6,66.4,76.8,39.6,58.2,64.8,38.5,350,262,88,0.25,0.25
61,99.1,100.0,96.6,66.5,76.9,39.7,58.2,64.8,38.5,350,262,88,0.25,0.25
62,99.1,100.0,96.6,66.4,76.6,39.6,58.1,64.8,38.4,350,262,88,0.25,0.25
63,99.1,100.0,96.6,66.2,76.5,39.6,58.2,64.8,38.5,350,262,88,0.25,0.25
64,99.1,100.0,96.6,66.4,76.8,39.7,58.2,64.8,38.8,350,262,88,0.25,0.25
65,99.1,100.0,96.6,66.5,76.8,39.7,58.2,64.8,38.5,350,262,88,0.25,0.25
66,99.1,100.0,96.6,66.4,76.7,39.5,58.1,64.8,38.2,350,262,88,0.25,0.25
67,99.1,100.0,96.6,66.3,76.6,39.4,58.1,64.8,38.1,350,262,88,0.25,0.25
68,99.1,100.0,96.6,66.5,76.8,39.7,58.1,64.8,38.4,350,262,88,0.25,0.25
69,99.1,100.0,96.6,66.4,76.6,39.8,58.2,64.8,38.6,350,262,88,0.25,0.25
70,99.1,100.0,96.6,66.5,76.8,39.7,58.2,64.8,38.5,350,262,88,0.25,0.25
71,99.1,100.0,96.6,66.4,76.6,40.0,58.3,64.8,38.9,350,262,88,0.25,0.25
72,99.1,100.0,96.6,66.5,76.9,39.7,58.2,64.8,38.5,350,262,88,0.25,0.25
73,99.1,100.0,96.6,66.5,76.8,39.8,58.2,64.8,38.6,350,262,88,0.25,0.25
74,99.1,100.0,96.6,66.4,76.7,39.8,58.2,64.8,38.6,350,262,88,0.25,0.25
75,99.1,100.0,96.6,66.5,76.8,39.9,58.2,64.8,38.6,350,262,88,0.25,0.25
76,99.1,100.0,96.6,66.4,76.6,39.9,58.2,64.8,38.6,350,262,88,0.25,0.25
77,99.1,100.0,96.6,66.4,76.8,39.6,58.2,64.8,38.5,350,262,88,0.25,0.25
78,99.1,100.0,96.6,66.3,76.6,39.7,58.2,64.8,38.6,350,262,88,0.25,0.25
79,99.1,100.0,96.6,66.4,76.8,39.6,58.2,64.8,38.5,350,262,88,0.25,0.25
80,99.1,100.0,96.6,66.4,76.8,39.6,58.1,64.8,38.4,350,262,88,0.25,0.25
81,99.1,100.0,96.6,66.4,76.8,39.6,58.1,64.8,38.4,350,262,88,0.25,0.25
82,99.1,100.0,96.6,66.4,76.7,39.7,58.2,64.8,38.5,350,262,88,0.25,0.25
83,99.1,100.0,96.6,66.4,76.8,39.8,58.2,64.8,38.6,350,262,88,0.25,0.25
84,99.1,100.0,96.6,66.4,76.8,39.5,58.1,64.8,38.4,350,262,88,0.25,0.25
85,99.1,100.0,96.6,66.3,76.6,39.4,58.1,64.8,38.1,350,262,88,0.25,0.25
86,99.1,100.0,96.6,66.3,76.8,39.3,58.1,64.8,38.1,350,262,88,0.25,0.25
87,99.1,100.0,96.6,66.4,76.7,39.5,58.1,64.8,38.1,350,262,88,0.25,0.25
88,99.1,100.0,96.6,66.4,76.8,39.6,58.1,64.8,38.4,350,262,88,0.25,0.25
89,99.1,100.0,96.6,66.5,76.9,39.5,58.1,64.8,38.1,350,262,88,0.25,0.25
90,99.1,100.0,96.6,66.4,76.6,39.6,58.1,64.8,38.2,350,262,88,0.25,0.25
91,99.4,100.0,97.7,66.4,76.6,39.6,58.1,64.8,38.4,350,262,88,0.25,0.25
92,99.4,100.0,97.7,66.6,76.9,40.1,58.3,64.8,38.9,350,262,88,0.25,0.25
93,99.1,100.0,96.6,66.4,76.6,39.8,58.2,64.8,38.6,350,262,88,0.25,0.25
94,99.1,100.0,96.6,66.3,76.6,39.7,58.2,64.8,38.6,350,262,88,0.25,0.25
95,99.1,100.0,96.6,66.3,76.6,39.7,58.2,64.8,38.5,350,262,88,0.25,0.25
96,99.1,100.0,96.6,66.3,76.6,39.8,58.2,64.8,38.6,350,262,88,0.25,0.25
97,99.1,100.0,96.6,66.5,76.9,39.6,58.1,64.8,38.2,350,262,88,0.25,0.25
98,99.1,100.0,96.6,66.3,76.6,39.8,58.2,64.8,38.6,350,262,88,0.25,0.25
99,99.1,100.0,96.6,66.2,76.5,39.6,58.2,64.8,38.5,350,262,88,0.25,0.25
100,99.1,100.0,96.6,66.5,76.9,39.7,58.2,64.8,38.5,350,262,88,0.25,0.25
101,99.1,100.0,96.6,66.4,76.8,39.8,58.2,64.8,38.6,350,262,88,0.25,0.25
102,99.1,100.0,96.6,66.2,76.6,39.4,58.1,64.8,38.1,350,262,88,0.25,0.25
103,99.1,100.0,96.6,66.4,76.9,39.5,58.1,64.8,38.4,350,262,88,0.25,0.25
104,99.1,100.0,96.6,66.4,76.8,39.6,58.1,64.8,38.4,350,262,88,0.25,0.25
105,99.1,100.0,96.6,66.3,76.6,39.4,58.1,64.8,38.2,350,262,88,0.25,0.25
106,99.1,100.0,96.6,66.5,76.8,39.7,58.2,64.8,38.5,350,262,88,0.25,0.25
107,99.1,100.0,96.6,66.3,76.6,39.6,58.2,64.8,38.5,350,262,88,0.25,0.25
108,99.1,100.0,96.6,66.2,76.5,39.5,58.1,64.8,38.4,350,262,88,0.25,0.25
109,99.1,100.0,96.6,66.5,76.8,39.9,58.2,64.8,38.8,350,262,88,0.25,0.25
110,99.1,100.0,96.6,66.3,76.6,39.6,58.1,64.8,38.4,350,262,88,0.25,0.25
111,99.1,100.0,96.6,66.4,76.8,39.7,58.2,64.8,38.6,350,262,88,0.25,0.25
112,99.1,100.0,96.6,66.3,76.7,39.3,58.1,64.8,38.2,350,262,88,0.25,0.25
113,99.1,100.0,96.6,66.3,76.6,39.4,58.1,64.8,38.1,350,262,88,0.25,0.25
114,99.1,100.0,96.6,66.3,76.6,39.6,58.1,64.8,38.4,350,262,88,0.25,0.25
115,99.1,100.0,96.6,66.3,76.6,39.5,58.1,64.8,38.4,350,262,88,0.25,0.25
116,99.1,100.0,96.6,66.4,76.7,39.6,58.2,64.8,38.5,350,262,88,0.25,0.25
117,99.1,100.0,96.6,66.4,76.7,39.5,58.1,64.8,38.4,350,262,88,0.25,0.25
118,99.1,100.0,96.6,66.5,76.9,39.6,58.2,64.8,38.5,350,262,88,0.25,0.25
119,99.1,100.0,96.6,66.3,76.5,39.7,58.2,64.8,38.5,350,262,88,0.25,0.25
120,99.1,100.0,96.6,66.3,76.6,39.4,58.1,64.8,38.1,350,262,88,0.25,0.25
121,99.1,100.0,96.6,66.6,77.0,39.7,58.2,64.8,38.5,350,262,88,0.25,0.25
122,99.1,100.0,96.6,66.5,76.8,39.7,58.1,64.8,38.2,350,262,88,0.25,0.25
123,99.1,100.0,96.6,66.4,76.7,39.6,58.1,64.8,38.4,350,262,88,0.25,0.25
124,99.1,100.0,96.6,66.3,76.7,39.5,58.1,64.8,38.4,350,262,88,0.25,0.25
125,99.1,100.0,96.6,66.4,76.6,39.8,58.2,64.8,38.6,350,262,88,0.25,0.25
126,99.1,100.0,96.6,66.3,76.6,39.8,58.2,64.8,38.8,350,262,88,0.25,0.25
127,99.1,100.0,96.6,66.5,76.9,39.8,58.2,64.8,38.6,350,262,88,0.25,0.25
128,99.1,100.0,96.6,66.4,76.7,39.5,58.1,64.8,38.2,350,262,88,0.25,0.25
129,99.1,100.0,96.6,66.5,77.0,39.4,58.1,64.8,38.1,350,262,88,0.25,0.25
130,99.1,100.0,96.6,66.2,76.6,39.2,58.1,64.8,38.1,350,262,88,0.25,0.25
131,99.1,100.0,96.6,66.4,76.8,39.7,58.2,64.8,38.6,350,262,88,0.25,0.25
132,99.1,100.0,96.6,66.5,76.9,39.7,58.2,64.8,38.5,350,262,88,0.25,0.25
133,99.1,100.0,96.6,66.4,76.7,39.5,58.1,64.8,38.4,350,262,88,0.25,0.25
134,99.1,100.0,96.6,66.3,76.6,39.4,58.1,64.8,38.2,350,262,88,0.25,0.25
135,99.1,100.0,96.6,66.5,76.8,39.6,58.1,64.8,38.2,350,262,88,0.25,0.25
136,99.1,100.0,96.6,66.4,76.8,39.5,58.1,64.8,38.4,350,262,88,0.25,0.25
137,99.1,100.0,96.6,66.4,76.8,39.4,58.1,64.8,38.2,350,262,88,0.25,0.25
138,99.1,100.0,96.6,66.5,76.9,39.8,58.2,64.8,38.6,350,262,88,0.25,0.25
139,99.1,100.0,96.6,66.2,76.5,39.5,58.1,64.8,38.4,350,262,88,0.25,0.25
140,99.1,100.0,96.6,66.3,76.8,39.4,58.1,64.8,38.4,350,262,88,0.25,0.25
141,99.1,100.0,96.6,66.5,76.9,39.8,58.2,64.8,38.6,350,262,88,0.25,0.25
142,99.1,100.0,96.6,66.2,76.6,39.4,58.1,64.8,38.2,350,262,88,0.25,0.25
143,99.1,100.0,96.6,66.3,76.6,39.6,58.2,64.8,38.5,350,262,88,0.25,0.25
144,99.1,100.0,96.6,66.4,76.7,39.7,58.2,64.8,38.5,350,262,88,0.25,0.25
145,99.1,100.0,96.6,66.4,76.9,39.5,58.1,64.8,38.4,350,262,88,0.25,0.25
146,99.1,100.0,96.6,66.4,76.7,39.7,58.2,64.8,38.6,350,262,88,0.25,0.25
147,99.1,100.0,96.6,66.3,76.6,39.5,58.1,64.8,38.4,350,262,88,0.25,0.25
148,99.1,100.0,96.6,66.3,76.7,39.4,58.1,64.8,38.1,350,262,88,0.25,0.25
149,99.1,100.0,96.6,66.3,76.7,39.5,58.1,64.8,38.4,350,262,88,0.25,0.25
150,99.1,100.0,96.6,66.4,76.6,39.9,58.2,64.8,38.8,350,262,88,0.25,0.25
151,99.1,100.0,96.6,66.3,76.6,39.8,58.2,64.8,38.6,350,262,88,0.25,0.25
152,99.1,100.0,96.6,66.4,76.8,39.6,58.2,64.8,38.5,350,262,88,0.25,0.25
153,99.1,100.0,96.6,66.3,76.6,39.5,58.1,64.8,38.4,350,262,88,0.25,0.25
154,99.1,100.0,96.6,66.4,76.7,39.4,58.1,64.8,38.2,350,262,88,0.25,0.25
155,99.1,100.0,96.6,66.3,76.6,39.4,58.1,64.8,38.2,350,262,88,0.25,0.25
156,99.1,100.0,96.6,66.5,76.9,39.5,58.1,64.8,38.4,350,262,88,0.25,0.25
157,99.1,100.0,96.6,66.5,76.9,39.8,58.2,64.8,38.5,350,262,88,0.25,0.25
158,99.1,100.0,96.6,66.4,76.7,39.7,58.2,64.8,38.6,350,262,88,0.25,0.25
159,99.1,100.0,96.6,66.3,76.7,39.5,58.1,64.8,38.4,350,262,88,0.25,0.25
160,99.1,100.0,96.6,66.3,76.7,39.4,58.1,64.8,38.4,350,262,88,0.25,0.25
161,99.1,100.0,96.6,66.3,76.7,39.5,58.1,64.8,38.4,350,262,88,0.25,0.25
162,99.1,100.0,96.6,66.4,76.7,39.4,58.1,64.8,38.1,350,262,88,0.25,0.25
163,99.1,100.0,96.6,66.3,76.5,39.9,58.2,64.8,38.8,350,262,88,0.25,0.25
164,99.1,100.0,96.6,66.2,76.5,39.4,58.1,64.8,38.2,350,262,88,0.25,0.25
165,99.1,100.0,96.6,66.4,76.7,39.6,58.1,64.8,38.4,350,262,88,0.25,0.25
166,99.1,100.0,96.6,66.5,76.9,39.6,58.2,64.8,38.5,350,262,88,0.25,0.25
167,99.1,100.0,96.6,66.5,76.9,39.6,58.1,64.8,38.4,350,262,88,0.25,0.25
168,99.1,100.0,96.6,66.4,76.7,39.5,58.1,64.8,38.2,350,262,88,0.25,0.25
169,99.1,100.0,96.6,66.4,76.7,39.5,58.1,64.8,38.4,350,262,88,0.25,0.25
170,99.1,100.0,96.6,66.4,76.8,39.6,58.2,64.8,38.5,350,262,88,0.25,0.25
171,99.1,100.0,96.6,66.4,76.7,39.5,58.1,64.8,38.2,350,262,88,0.25,0.25
172,99.1,100.0,96.6,66.3,76.6,39.6,58.1,64.8,38.4,350,262,88,0.25,0.25
173,99.1,100.0,96.6,66.3,76.7,39.2,58.1,64.8,38.1,350,262,88,0.25,0.25
174,99.1,100.0,96.6,66.4,76.6,39.9,58.2,64.8,38.6,350,262,88,0.25,0.25
175,99.1,100.0,96.6,66.4,76.8,39.5,58.1,64.8,38.4,350,262,88,0.25,0.25
176,99.1,100.0,96.6,66.3,76.6,39.5,58.1,64.8,38.2,350,262,88,0.25,0.25
177,99.4,100.0,97.7,66.4,76.7,39.5,58.1,64.8,38.4,350,262,88,0.25,0.25
178,99.4,100.0,97.7,66.3,76.6,39.9,58.3,64.8,38.9,350,262,88,0.25,0.25
179,99.1,100.0,96.6,66.5,76.7,40.0,58.2,64.8,38.8,350,262,88,0.25,0.25
180,99.1,100.0,96.6,66.5,76.9,39.5,58.1,64.8,38.2,350,262,88,0.25,0.25
181,99.1,100.0,96.6,66.5,76.8,39.8,58.2,64.8,38.5,350,262,88,0.25,0.25
182,99.1,100.0,96.6,66.3,76.6,39.7,58.2,64.8,38.5,350,262,88,0.25,0.25
183,99.1,100.0,96.6,66.4,76.6,39.9,58.2,64.8,38.8,350,262,88,0.25,0.25
184,99.1,100.0,96.6,66.5,76.9,39.6,58.1,64.8,38.4,350,262,88,0.25,0.25
185,99.1,100.0,96.6,66.4,76.7,39.5,58.1,64.8,38.4,350,262,88,0.25,0.25
186,99.1,100.0,96.6,66.3,76.6,39.7,58.2,64.8,38.6,350,262,88,0.25,0.25
187,99.1,100.0,96.6,66.5,76.9,39.9,58.3,64.8,38.9,350,262,88,0.25,0.25
188,99.1,100.0,96.6,66.6,76.9,39.9,58.2,64.8,38.6,350,262,88,0.25,0.25
189,99.1,100.0,96.6,66.5,76.8,39.9,58.2,64.8,38.8,350,262,88,0.25,0.25
190,99.1,100.0,96.6,66.4,76.6,40.0,58.3,64.8,38.9,350,262,88,0.25,0.25
191,99.1,100.0,96.6,66.3,76.6,39.7,58.2,64.8,38.6,350,262,88,0.25,0.25
192,99.1,100.0,96.6,66.3,76.7,39.5,58.1,64.8,38.4,350,262,88,0.25,0.25
193,99.1,100.0,96.6,66.3,76.7,39.5,58.1,64.8,38.4,350,262,88,0.25,0.25
194,99.1,100.0,96.6,66.4,76.7,39.6,58.1,64.8,38.4,350,262,88,0.25,0.25
195,99.1,100.0,96.6,66.4,76.7,39.7,58.2,64.8,38.5,350,262,88,0.25,0.25
196,99.1,100.0,96.6,66.3,76.7,39.4,58.1,64.8,38.2,350,262,88,0.25,0.25
197,99.1,100.0,96.6,66.4,76.7,39.7,58.2,64.8,38.5,350,262,88,0.25,0.25
198,99.1,100.0,96.6,66.4,76.8,39.6,58.1,64.8,38.4,350,262,88,0.25,0.25
199,99.1,100.0,96.6,66.4,76.9,39.4,58.1,64.8,38.2,350,262,88,0.25,0.25
200,99.1,100.0,96.6,66.2,76.6,39.4,58.1,64.8,38.1,350,262,88,0.25,0.25
201,99.1,100.0,96.6,66.4,76.7,39.6,58.1,64.8,38.4,350,262,88,0.25,0.25
202,99.1,100.0,96.6,66.2,76.6,39.4,58.1,64.8,38.2,350,262,88,0.25,0.25
203,99.1,100.0,96.6,66.4,76.7,39.7,58.2,64.8,38.5,350,262,88,0.25,0.25
204,99.4,100.0,97.7,66.5,76.9,39.5,58.1,64.8,38.2,350,262,88,0.25,0.25
205,99.1,100.0,96.6,66.5,76.8,40.0,58.2,64.8,38.8,350,262,88,0.25,0.25
206,99.1,100.0,96.6,66.4,76.7,39.8,58.2,64.8,38.6,350,262,88,0.25,0.25
207,99.1,100.0,96.6,66.4,76.7,39.7,58.2,64.8,38.5,350,262,88,0.25,0.25
208,99.1,100.0,96.6,66.4,76.8,39.7,58.2,64.8,38.5,350,262,88,0.25,0.25
209,99.1,100.0,96.6,66.4,76.7,39.8,58.2,64.8,38.6,350,262,88,0.25,0.25
210,99.1,100.0,96.6,66.2,76.6,39.5,58.1,64.8,38.4,350,262,88,0.25,0.25
211,99.1,100.0,96.6,66.4,76.8,39.6,58.2,64.8,38.5,350,262,88,0.25,0.25
212,99.1,100.0,96.6,66.4,76.7,39.7,58.2,64.8,38.5,350,262,88,0.25,0.25
213,99.1,100.0,96.6,66.2,76.6,39.4,58.1,64.8,38.4,350,262,88,0.25,0.25
214,99.1,100.0,96.6,66.4,76.8,39.6,58.2,64.8,38.5,350,262,88,0.25,0.25
215,99.1,100.0,96.6,66.6,77.0,39.8,58.2,64.8,38.6,350,262,88,0.25,0.25
216,99.1,100.0,96.6,66.3,76.7,39.4,58.1,64.8,38.2,350,262,88,0.25,0.25
217,99.1,100.0,96.6,66.2,76.5,39.7,58.2,64.8,38.5,350,262,88,0.25,0.25
218,99.1,100.0,96.6,66.2,76.5,39.5,58.1,64.8,38.4,350,262,88,0.25,0.25
219,99.1,100.0,96.6,66.4,76.6,39.7,58.2,64.8,38.5,350,262,88,0.25,0.25
220,99.1,100.0,96.6,66.5,76.9,39.5,58.1,64.8,38.4,350,262,88,0.25,0.25
221,99.1,100.0,96.6,66.3,76.6,39.7,58.2,64.8,38.6,350,262,88,0.25,0.25
222,99.1,100.0,96.6,66.3,76.7,39.5,58.1,64.8,38.4,350,262,88,0.25,0.25
223,99.1,100.0,96.6,66.4,76.8,39.6,58.1,64.8,38.4,350,262,88,0.25,0.25
224,99.1,100.0,96.6,66.1,76.4,39.4,58.1,64.8,38.2,350,262,88,0.25,0.25
225,99.1,100.0,96.6,66.3,76.7,39.5,58.1,64.8,38.4,350,262,88,0.25,0.25
226,99.1,100.0,96.6,66.6,76.9,40.1,58.3,64.8,39.1,350,262,88,0.25,0.25
227,99.1,100.0,96.6,66.5,76.8,39.8,58.2,64.8,38.5,350,262,88,0.25,0.25
228,99.1,100.0,96.6,66.4,76.8,39.6,58.2,64.8,38.5,350,262,88,0.25,0.25
229,99.1,100.0,96.6,66.4,76.8,39.7,58.2,64.8,38.5,350,262,88,0.25,0.25
230,99.1,100.0,96.6,66.4,76.6,39.9,58.2,64.8,38.8,350,262,88,0.25,0.25
231,99.1,100.0,96.6,66.4,76.9,39.3,58.1,64.8,38.1,350,262,88,0.25,0.25
232,99.1,100.0,96.6,66.3,76.7,39.4,58.1,64.8,38.2,350,262,88,0.25,0.25
233,99.1,100.0,96.6,66.4,76.8,39.5,58.1,64.8,38.4,350,262,88,0.25,0.25
234,99.1,100.0,96.6,66.3,76.6,39.7,58.2,64.8,38.6,350,262,88,0.25,0.25
235,99.1,100.0,96.6,66.4,76.7,39.9,58.3,64.8,38.9,350,262,88,0.25,0.25
236,99.1,100.0,96.6,66.4,76.8,39.4,58.1,64.8,38.1,350,262,88,0.25,0.25
237,99.1,100.0,96.6,66.3,76.7,39.5,58.1,64.8,38.4,350,262,88,0.25,0.25
238,99.1,100.0,96.6,66.2,76.6,39.2,58.1,64.8,38.1,350,262,88,0.25,0.25
239,99.1,100.0,96.6,66.3,76.6,39.4,58.1,64.8,38.2,350,262,88,0.25,0.25
240,99.1,100.0,96.6,66.2,76.6,39.4,58.1,64.8,38.2,350,262,88,0.25,0.25
241,99.1,100.0,96.6,66.4,76.8,39.5,58.1,64.8,38.2,350,262,88,0.25,0.25
242,99.1,100.0,96.6,66.4,76.7,39.7,58.1,64.8,38.4,350,262,88,0.25,0.25
243,99.1,100.0,96.6,66.3,76.6,39.6,58.1,64.8,38.4,350,262,88,0.25,0.25
244,99.1,100.0,96.6,66.4,76.8,39.7,58.2,64.8,38.5,350,262,88,0.25,0.25
245,99.1,100.0,96.6,66.3,76.6,39.6,58.2,64.8,38.5,350,262,88,0.25,0.25
246,99.1,100.0,96.6,66.4,76.8,39.8,58.2,64.8,38.6,350,262,88,0.25,0.25
247,99.1,100.0,96.6,66.5,76.7,39.9,58.2,64.8,38.6,350,262,88,0.25,0.25
248,99.1,100.0,96.6,66.3,76.7,39.5,58.1,64.8,38.4,350,262,88,0.25,0.25
249,99.1,100.0,96.6,66.4,76.8,39.5,58.1,64.8,38.4,350,262,88,0.25,0.25
250,99.1,100.0,96.6,66.2,76.5,39.5,58.1,64.8,38.4,350,262,88,0.25,0.25
251,99.1,100.0,96.6,66.4,76.8,39.5,58.1,64.8,38.4,350,262,88,0.25,0.25
252,99.1,100.0,96.6,66.4,76.6,39.8,58.2,64.8,38.6,350,262,88,0.25,0.25
253,99.1,100.0,96.6,66.3,76.7,39.4,58.1,64.8,38.1,350,262,88,0.25,0.25
254,99.1,100.0,96.6,66.4,76.8,39.5,58.1,64.8,38.2,350,262,88,0.25,0.25
255,99.1,100.0,96.6,66.4,76.8,39.7,58.2,64.8,38.5,350,262,88,0.25,0.25
256,99.1,100.0,96.6,66.6,76.9,39.8,58.2,64.8,38.6,350,262,88,0.25,0.25
257,99.1,100.0,96.6,66.5,76.9,39.7,58.2,64.8,38.5,350,262,88,0.25,0.25
258,99.1,100.0,96.6,66.5,76.9,39.6,58.1,64.8,38.4,350,262,88,0.25,0.25
259,99.1,100.0,96.6,66.3,76.7,39.4,58.1,64.8,38.2,350,262,88,0.25,0.25
260,99.1,100.0,96.6,66.3,76.7,39.4,58.1,64.8,38.2,350,262,88,0.25,0.25
261,99.1,100.0,96.6,66.4,76.8,39.6,58.1,64.8,38.4,350,262,88,0.25,0.25
262,99.1,100.0,96.6,66.4,76.7,39.6,58.1,64.8,38.4,350,262,88,0.25,0.25
263,99.4,100.0,97.7,66.4,76.8,39.6,58.1,64.8,38.4,350,262,88,0.25,0.25
264,99.1,100.0,96.6,66.5,76.9,39.8,58.2,64.8,38.6,350,262,88,0.25,0.25
265,99.1,100.0,96.6,66.4,76.6,39.8,58.2,64.8,38.5,350,262,88,0.25,0.25
266,99.1,100.0,96.6,66.4,76.8,39.5,58.1,64.8,38.4,350,262,88,0.25,0.25
267,99.1,100.0,96.6,66.5,76.9,39.6,58.2,64.8,38.5,350,262,88,0.25,0.25
268,99.1,100.0,96.6,66.3,76.6,39.6,58.2,64.8,38.5,350,262,88,0.25,0.25
269,99.1,100.0,96.6,66.5,76.9,39.6,58.2,64.8,38.5,350,262,88,0.25,0.25
270,99.1,100.0,96.6,66.4,76.7,39.6,58.1,64.8,38.4,350,262,88,0.25,0.25
271,99.1,100.0,96.6,66.5,76.9,39.6,58.2,64.8,38.5,350,262,88,0.25,0.25
272,99.1,100.0,96.6,66.6,76.9,39.8,58.2,64.8,38.6,350,262,88,0.25,0.25
273,99.1,100.0,96.6,66.4,76.7,39.6,58.2,64.8,38.5,350,262,88,0.25,0.25
274,99.1,100.0,96.6,66.3,76.7,39.5,58.1,64.8,38.4,350,262,88,0.25,0.25
275,99.1,100.0,96.6,66.4,76.7,39.5,58.1,64.8,38.2,350,262,88,0.25,0.25
276,99.1,100.0,96.6,66.5,76.8,39.7,58.2,64.8,38.5,350,262,88,0.25,0.25
277,99.1,100.0,96.6,66.3,76.7,39.4,58.1,64.8,38.1,350,262,88,0.25,0.25
278,99.1,100.0,96.6,66.4,76.7,39.8,58.2,64.8,38.8,350,262,88,0.25,0.25
279,99.1,100.0,96.6,66.4,76.8,39.5,58.1,64.8,38.4,350,262,88,0.25,0.25
280,99.1,100.0,96.6,66.3,76.6,39.4,58.1,64.8,38.2,350,262,88,0.25,0.25
281,99.1,100.0,96.6,66.3,76.6,39.7,58.2,64.8,38.6,350,262,88,0.25,0.25
282,99.1,100.0,96.6,66.3,76.6,39.7,58.2,64.8,38.5,350,262,88,0.25,0.25
283,99.1,100.0,96.6,66.4,76.7,39.5,58.1,64.8,38.4,350,262,88,0.25,0.25
284,99.1,100.0,96.6,66.3,76.6,39.5,58.1,64.8,38.1,350,262,88,0.25,0.25
285,99.1,100.0,96.6,66.2,76.5,39.4,58.1,64.8,38.2,350,262,88,0.25,0.25
286,99.1,100.0,96.6,66.3,76.6,39.5,58.1,64.8,38.4,350,262,88,0.25,0.25
287,99.1,100.0,96.6,66.3,76.6,39.9,58.2,64.8,38.8,350,262,88,0.25,0.25
288,99.1,100.0,96.6,66.3,76.6,39.6,58.2,64.8,38.5,350,262,88,0.25,0.25
289,99.1,100.0,96.6,66.3,76.6,39.6,58.1,64.8,38.4,350,262,88,0.25,0.25
290,99.1,100.0,96.6,66.2,76.5,39.6,58.2,64.8,38.5,350,262,88,0.25,0.25
291,99.1,100.0,96.6,66.5,76.8,39.9,58.2,64.8,38.8,350,262,88,0.25,0.25
292,99.1,100.0,96.6,66.3,76.6,39.6,58.1,64.8,38.4,350,262,88,0.25,0.25
293,99.1,100.0,96.6,66.4,76.7,39.6,58.1,64.8,38.4,350,262,88,0.25,0.25
294,99.1,100.0,96.6,66.5,76.9,39.5,58.1,64.8,38.2,350,262,88,0.25,0.25
295,99.1,100.0,96.6,66.6,77.0,39.7,58.2,64.8,38.6,350,262,88,0.25,0.25
296,99.1,100.0,96.6,66.5,76.8,39.7,58.2,64.8,38.5,350,262,88,0.25,0.25
297,99.1,100.0,96.6,66.3,76.6,39.4,58.1,64.8,38.1,350,262,88,0.25,0.25
298,99.4,100.0,97.7,66.4,76.8,39.5,58.2,64.8,38.5,350,262,88,0.25,0.25
299,99.1,100.0,96.6,66.5,76.8,39.7,58.2,64.8,38.5,350,262,88,0.25,0.25
300,99.1,100.0,96.6,66.5,76.7,40.0,58.2,64.8,38.8,350,262,88,0.25,0.25
